cid,character,movement_type,src_slot,dst_bank,dst_slot,raw_move_id,target_cid,target_character,target_slot_exists,target_animation_hex,resolution_status,confidence,reason
001,Mitsurugi,sidestep_down_candidate,1440,2,1420,0x2384,001,Mitsurugi,True,0174,resolved_move_bucket,confirmed_static_data,0x2384: bank 2 targets current-character FLuxMoveBank bucket 2
001,Mitsurugi,backstep_candidate,1974,2,1608,0x2440,001,Mitsurugi,True,1490,resolved_move_bucket,confirmed_static_data,0x2440: bank 2 targets current-character FLuxMoveBank bucket 2
001,Mitsurugi,forward_step_candidate,1974,2,1608,0x2440,001,Mitsurugi,True,1490,resolved_move_bucket,confirmed_static_data,0x2440: bank 2 targets current-character FLuxMoveBank bucket 2
001,Mitsurugi,backstep_candidate,1975,2,2277,0x26DD,001,Mitsurugi,True,1255,resolved_move_bucket,confirmed_static_data,0x26DD: bank 2 targets current-character FLuxMoveBank bucket 2
001,Mitsurugi,forward_step_candidate,1975,2,2277,0x26DD,001,Mitsurugi,True,1255,resolved_move_bucket,confirmed_static_data,0x26DD: bank 2 targets current-character FLuxMoveBank bucket 2
001,Mitsurugi,backstep_candidate,2108,2,2283,0x26E3,001,Mitsurugi,True,15DF,resolved_move_bucket,confirmed_static_data,0x26E3: bank 2 targets current-character FLuxMoveBank bucket 2
001,Mitsurugi,forward_step_candidate,2108,2,2283,0x26E3,001,Mitsurugi,True,15DF,resolved_move_bucket,confirmed_static_data,0x26E3: bank 2 targets current-character FLuxMoveBank bucket 2
001,Mitsurugi,backstep_candidate,2110,2,2283,0x26E3,001,Mitsurugi,True,15DF,resolved_move_bucket,confirmed_static_data,0x26E3: bank 2 targets current-character FLuxMoveBank bucket 2
001,Mitsurugi,forward_step_candidate,2110,2,2283,0x26E3,001,Mitsurugi,True,15DF,resolved_move_bucket,confirmed_static_data,0x26E3: bank 2 targets current-character FLuxMoveBank bucket 2
001,Mitsurugi,backstep_candidate,2164,2,2286,0x26E6,001,Mitsurugi,True,1167,resolved_move_bucket,confirmed_static_data,0x26E6: bank 2 targets current-character FLuxMoveBank bucket 2
001,Mitsurugi,forward_step_candidate,2165,2,2286,0x26E6,001,Mitsurugi,True,1167,resolved_move_bucket,confirmed_static_data,0x26E6: bank 2 targets current-character FLuxMoveBank bucket 2
001,Mitsurugi,backstep_candidate,2203,2,2288,0x26E8,001,Mitsurugi,True,1250,resolved_move_bucket,confirmed_static_data,0x26E8: bank 2 targets current-character FLuxMoveBank bucket 2
001,Mitsurugi,forward_step_candidate,2205,2,2288,0x26E8,001,Mitsurugi,True,1250,resolved_move_bucket,confirmed_static_data,0x26E8: bank 2 targets current-character FLuxMoveBank bucket 2
002,Seong Mi-na,sidestep_down_candidate,1415,2,1395,0x2384,002,Seong Mi-na,True,02B6,resolved_move_bucket,confirmed_static_data,0x2384: bank 2 targets current-character FLuxMoveBank bucket 2
002,Seong Mi-na,backstep_candidate,1949,2,1583,0x2440,002,Seong Mi-na,True,1491,resolved_move_bucket,confirmed_static_data,0x2440: bank 2 targets current-character FLuxMoveBank bucket 2
002,Seong Mi-na,forward_step_candidate,1949,2,1583,0x2440,002,Seong Mi-na,True,1491,resolved_move_bucket,confirmed_static_data,0x2440: bank 2 targets current-character FLuxMoveBank bucket 2
002,Seong Mi-na,backstep_candidate,1950,2,2252,0x26DD,002,Seong Mi-na,True,1254,resolved_move_bucket,confirmed_static_data,0x26DD: bank 2 targets current-character FLuxMoveBank bucket 2
002,Seong Mi-na,forward_step_candidate,1950,2,2252,0x26DD,002,Seong Mi-na,True,1254,resolved_move_bucket,confirmed_static_data,0x26DD: bank 2 targets current-character FLuxMoveBank bucket 2
002,Seong Mi-na,backstep_candidate,2083,2,2258,0x26E3,002,Seong Mi-na,True,15DF,resolved_move_bucket,confirmed_static_data,0x26E3: bank 2 targets current-character FLuxMoveBank bucket 2
002,Seong Mi-na,forward_step_candidate,2083,2,2258,0x26E3,002,Seong Mi-na,True,15DF,resolved_move_bucket,confirmed_static_data,0x26E3: bank 2 targets current-character FLuxMoveBank bucket 2
002,Seong Mi-na,backstep_candidate,2085,2,2258,0x26E3,002,Seong Mi-na,True,15DF,resolved_move_bucket,confirmed_static_data,0x26E3: bank 2 targets current-character FLuxMoveBank bucket 2
002,Seong Mi-na,forward_step_candidate,2085,2,2258,0x26E3,002,Seong Mi-na,True,15DF,resolved_move_bucket,confirmed_static_data,0x26E3: bank 2 targets current-character FLuxMoveBank bucket 2
002,Seong Mi-na,backstep_candidate,2139,2,2261,0x26E6,002,Seong Mi-na,True,1168,resolved_move_bucket,confirmed_static_data,0x26E6: bank 2 targets current-character FLuxMoveBank bucket 2
002,Seong Mi-na,forward_step_candidate,2140,2,2261,0x26E6,002,Seong Mi-na,True,1168,resolved_move_bucket,confirmed_static_data,0x26E6: bank 2 targets current-character FLuxMoveBank bucket 2
002,Seong Mi-na,backstep_candidate,2178,2,2263,0x26E8,002,Seong Mi-na,True,1251,resolved_move_bucket,confirmed_static_data,0x26E8: bank 2 targets current-character FLuxMoveBank bucket 2
002,Seong Mi-na,forward_step_candidate,2180,2,2263,0x26E8,002,Seong Mi-na,True,1251,resolved_move_bucket,confirmed_static_data,0x26E8: bank 2 targets current-character FLuxMoveBank bucket 2
003,Taki,sidestep_down_candidate,1537,2,1517,0x2384,003,Taki,True,019C,resolved_move_bucket,confirmed_static_data,0x2384: bank 2 targets current-character FLuxMoveBank bucket 2
003,Taki,backstep_candidate,2071,2,1705,0x2440,003,Taki,True,1491,resolved_move_bucket,confirmed_static_data,0x2440: bank 2 targets current-character FLuxMoveBank bucket 2
003,Taki,forward_step_candidate,2071,2,1705,0x2440,003,Taki,True,1491,resolved_move_bucket,confirmed_static_data,0x2440: bank 2 targets current-character FLuxMoveBank bucket 2
003,Taki,backstep_candidate,2072,2,2374,0x26DD,003,Taki,True,1254,resolved_move_bucket,confirmed_static_data,0x26DD: bank 2 targets current-character FLuxMoveBank bucket 2
003,Taki,forward_step_candidate,2072,2,2374,0x26DD,003,Taki,True,1254,resolved_move_bucket,confirmed_static_data,0x26DD: bank 2 targets current-character FLuxMoveBank bucket 2
003,Taki,backstep_candidate,2205,2,2380,0x26E3,003,Taki,True,15DF,resolved_move_bucket,confirmed_static_data,0x26E3: bank 2 targets current-character FLuxMoveBank bucket 2
003,Taki,forward_step_candidate,2205,2,2380,0x26E3,003,Taki,True,15DF,resolved_move_bucket,confirmed_static_data,0x26E3: bank 2 targets current-character FLuxMoveBank bucket 2
003,Taki,backstep_candidate,2207,2,2380,0x26E3,003,Taki,True,15DF,resolved_move_bucket,confirmed_static_data,0x26E3: bank 2 targets current-character FLuxMoveBank bucket 2
003,Taki,forward_step_candidate,2207,2,2380,0x26E3,003,Taki,True,15DF,resolved_move_bucket,confirmed_static_data,0x26E3: bank 2 targets current-character FLuxMoveBank bucket 2
003,Taki,backstep_candidate,2261,2,2383,0x26E6,003,Taki,True,1168,resolved_move_bucket,confirmed_static_data,0x26E6: bank 2 targets current-character FLuxMoveBank bucket 2
003,Taki,forward_step_candidate,2262,2,2383,0x26E6,003,Taki,True,1168,resolved_move_bucket,confirmed_static_data,0x26E6: bank 2 targets current-character FLuxMoveBank bucket 2
003,Taki,backstep_candidate,2300,2,2385,0x26E8,003,Taki,True,1251,resolved_move_bucket,confirmed_static_data,0x26E8: bank 2 targets current-character FLuxMoveBank bucket 2
003,Taki,forward_step_candidate,2302,2,2385,0x26E8,003,Taki,True,1251,resolved_move_bucket,confirmed_static_data,0x26E8: bank 2 targets current-character FLuxMoveBank bucket 2
004,Maxi,sidestep_down_candidate,1487,2,1467,0x2384,004,Maxi,True,0113,resolved_move_bucket,confirmed_static_data,0x2384: bank 2 targets current-character FLuxMoveBank bucket 2
004,Maxi,backstep_candidate,2021,2,1655,0x2440,004,Maxi,True,1490,resolved_move_bucket,confirmed_static_data,0x2440: bank 2 targets current-character FLuxMoveBank bucket 2
004,Maxi,forward_step_candidate,2021,2,1655,0x2440,004,Maxi,True,1490,resolved_move_bucket,confirmed_static_data,0x2440: bank 2 targets current-character FLuxMoveBank bucket 2
004,Maxi,backstep_candidate,2022,2,2324,0x26DD,004,Maxi,True,1255,resolved_move_bucket,confirmed_static_data,0x26DD: bank 2 targets current-character FLuxMoveBank bucket 2
004,Maxi,forward_step_candidate,2022,2,2324,0x26DD,004,Maxi,True,1255,resolved_move_bucket,confirmed_static_data,0x26DD: bank 2 targets current-character FLuxMoveBank bucket 2
004,Maxi,backstep_candidate,2155,2,2330,0x26E3,004,Maxi,True,15DF,resolved_move_bucket,confirmed_static_data,0x26E3: bank 2 targets current-character FLuxMoveBank bucket 2
004,Maxi,forward_step_candidate,2155,2,2330,0x26E3,004,Maxi,True,15DF,resolved_move_bucket,confirmed_static_data,0x26E3: bank 2 targets current-character FLuxMoveBank bucket 2
004,Maxi,backstep_candidate,2157,2,2330,0x26E3,004,Maxi,True,15DF,resolved_move_bucket,confirmed_static_data,0x26E3: bank 2 targets current-character FLuxMoveBank bucket 2
004,Maxi,forward_step_candidate,2157,2,2330,0x26E3,004,Maxi,True,15DF,resolved_move_bucket,confirmed_static_data,0x26E3: bank 2 targets current-character FLuxMoveBank bucket 2
004,Maxi,backstep_candidate,2211,2,2333,0x26E6,004,Maxi,True,1167,resolved_move_bucket,confirmed_static_data,0x26E6: bank 2 targets current-character FLuxMoveBank bucket 2
004,Maxi,forward_step_candidate,2212,2,2333,0x26E6,004,Maxi,True,1167,resolved_move_bucket,confirmed_static_data,0x26E6: bank 2 targets current-character FLuxMoveBank bucket 2
004,Maxi,backstep_candidate,2250,2,2335,0x26E8,004,Maxi,True,1250,resolved_move_bucket,confirmed_static_data,0x26E8: bank 2 targets current-character FLuxMoveBank bucket 2
004,Maxi,forward_step_candidate,2252,2,2335,0x26E8,004,Maxi,True,1250,resolved_move_bucket,confirmed_static_data,0x26E8: bank 2 targets current-character FLuxMoveBank bucket 2
005,Voldo,sidestep_down_candidate,1597,2,1577,0x2384,005,Voldo,True,013C,resolved_move_bucket,confirmed_static_data,0x2384: bank 2 targets current-character FLuxMoveBank bucket 2
005,Voldo,backstep_candidate,2131,2,1765,0x2440,005,Voldo,True,1490,resolved_move_bucket,confirmed_static_data,0x2440: bank 2 targets current-character FLuxMoveBank bucket 2
005,Voldo,forward_step_candidate,2131,2,1765,0x2440,005,Voldo,True,1490,resolved_move_bucket,confirmed_static_data,0x2440: bank 2 targets current-character FLuxMoveBank bucket 2
005,Voldo,backstep_candidate,2132,2,2434,0x26DD,005,Voldo,True,1255,resolved_move_bucket,confirmed_static_data,0x26DD: bank 2 targets current-character FLuxMoveBank bucket 2
005,Voldo,forward_step_candidate,2132,2,2434,0x26DD,005,Voldo,True,1255,resolved_move_bucket,confirmed_static_data,0x26DD: bank 2 targets current-character FLuxMoveBank bucket 2
005,Voldo,backstep_candidate,2265,2,2440,0x26E3,005,Voldo,True,15DF,resolved_move_bucket,confirmed_static_data,0x26E3: bank 2 targets current-character FLuxMoveBank bucket 2
005,Voldo,forward_step_candidate,2265,2,2440,0x26E3,005,Voldo,True,15DF,resolved_move_bucket,confirmed_static_data,0x26E3: bank 2 targets current-character FLuxMoveBank bucket 2
005,Voldo,backstep_candidate,2267,2,2440,0x26E3,005,Voldo,True,15DF,resolved_move_bucket,confirmed_static_data,0x26E3: bank 2 targets current-character FLuxMoveBank bucket 2
005,Voldo,forward_step_candidate,2267,2,2440,0x26E3,005,Voldo,True,15DF,resolved_move_bucket,confirmed_static_data,0x26E3: bank 2 targets current-character FLuxMoveBank bucket 2
005,Voldo,backstep_candidate,2321,2,2443,0x26E6,005,Voldo,True,1167,resolved_move_bucket,confirmed_static_data,0x26E6: bank 2 targets current-character FLuxMoveBank bucket 2
005,Voldo,forward_step_candidate,2322,2,2443,0x26E6,005,Voldo,True,1167,resolved_move_bucket,confirmed_static_data,0x26E6: bank 2 targets current-character FLuxMoveBank bucket 2
005,Voldo,backstep_candidate,2360,2,2445,0x26E8,005,Voldo,True,1250,resolved_move_bucket,confirmed_static_data,0x26E8: bank 2 targets current-character FLuxMoveBank bucket 2
005,Voldo,forward_step_candidate,2362,2,2445,0x26E8,005,Voldo,True,1250,resolved_move_bucket,confirmed_static_data,0x26E8: bank 2 targets current-character FLuxMoveBank bucket 2
006,Sophitia,sidestep_down_candidate,1440,2,1420,0x2384,006,Sophitia,True,0057,resolved_move_bucket,confirmed_static_data,0x2384: bank 2 targets current-character FLuxMoveBank bucket 2
006,Sophitia,backstep_candidate,1974,2,1608,0x2440,006,Sophitia,True,1491,resolved_move_bucket,confirmed_static_data,0x2440: bank 2 targets current-character FLuxMoveBank bucket 2
006,Sophitia,forward_step_candidate,1974,2,1608,0x2440,006,Sophitia,True,1491,resolved_move_bucket,confirmed_static_data,0x2440: bank 2 targets current-character FLuxMoveBank bucket 2
006,Sophitia,backstep_candidate,1975,2,2277,0x26DD,006,Sophitia,True,1254,resolved_move_bucket,confirmed_static_data,0x26DD: bank 2 targets current-character FLuxMoveBank bucket 2
006,Sophitia,forward_step_candidate,1975,2,2277,0x26DD,006,Sophitia,True,1254,resolved_move_bucket,confirmed_static_data,0x26DD: bank 2 targets current-character FLuxMoveBank bucket 2
006,Sophitia,backstep_candidate,2108,2,2283,0x26E3,006,Sophitia,True,15DF,resolved_move_bucket,confirmed_static_data,0x26E3: bank 2 targets current-character FLuxMoveBank bucket 2
006,Sophitia,forward_step_candidate,2108,2,2283,0x26E3,006,Sophitia,True,15DF,resolved_move_bucket,confirmed_static_data,0x26E3: bank 2 targets current-character FLuxMoveBank bucket 2
006,Sophitia,backstep_candidate,2110,2,2283,0x26E3,006,Sophitia,True,15DF,resolved_move_bucket,confirmed_static_data,0x26E3: bank 2 targets current-character FLuxMoveBank bucket 2
006,Sophitia,forward_step_candidate,2110,2,2283,0x26E3,006,Sophitia,True,15DF,resolved_move_bucket,confirmed_static_data,0x26E3: bank 2 targets current-character FLuxMoveBank bucket 2
006,Sophitia,backstep_candidate,2164,2,2286,0x26E6,006,Sophitia,True,1168,resolved_move_bucket,confirmed_static_data,0x26E6: bank 2 targets current-character FLuxMoveBank bucket 2
006,Sophitia,forward_step_candidate,2165,2,2286,0x26E6,006,Sophitia,True,1168,resolved_move_bucket,confirmed_static_data,0x26E6: bank 2 targets current-character FLuxMoveBank bucket 2
006,Sophitia,backstep_candidate,2203,2,2288,0x26E8,006,Sophitia,True,1251,resolved_move_bucket,confirmed_static_data,0x26E8: bank 2 targets current-character FLuxMoveBank bucket 2
006,Sophitia,forward_step_candidate,2205,2,2288,0x26E8,006,Sophitia,True,1251,resolved_move_bucket,confirmed_static_data,0x26E8: bank 2 targets current-character FLuxMoveBank bucket 2
007,Siegfried,sidestep_down_candidate,1499,2,1479,0x2384,007,Siegfried,True,014D,resolved_move_bucket,confirmed_static_data,0x2384: bank 2 targets current-character FLuxMoveBank bucket 2
007,Siegfried,backstep_candidate,2033,2,1667,0x2440,007,Siegfried,True,1490,resolved_move_bucket,confirmed_static_data,0x2440: bank 2 targets current-character FLuxMoveBank bucket 2
007,Siegfried,forward_step_candidate,2033,2,1667,0x2440,007,Siegfried,True,1490,resolved_move_bucket,confirmed_static_data,0x2440: bank 2 targets current-character FLuxMoveBank bucket 2
007,Siegfried,backstep_candidate,2034,2,2336,0x26DD,007,Siegfried,True,1255,resolved_move_bucket,confirmed_static_data,0x26DD: bank 2 targets current-character FLuxMoveBank bucket 2
007,Siegfried,forward_step_candidate,2034,2,2336,0x26DD,007,Siegfried,True,1255,resolved_move_bucket,confirmed_static_data,0x26DD: bank 2 targets current-character FLuxMoveBank bucket 2
007,Siegfried,backstep_candidate,2167,2,2342,0x26E3,007,Siegfried,True,15DF,resolved_move_bucket,confirmed_static_data,0x26E3: bank 2 targets current-character FLuxMoveBank bucket 2
007,Siegfried,forward_step_candidate,2167,2,2342,0x26E3,007,Siegfried,True,15DF,resolved_move_bucket,confirmed_static_data,0x26E3: bank 2 targets current-character FLuxMoveBank bucket 2
007,Siegfried,backstep_candidate,2169,2,2342,0x26E3,007,Siegfried,True,15DF,resolved_move_bucket,confirmed_static_data,0x26E3: bank 2 targets current-character FLuxMoveBank bucket 2
007,Siegfried,forward_step_candidate,2169,2,2342,0x26E3,007,Siegfried,True,15DF,resolved_move_bucket,confirmed_static_data,0x26E3: bank 2 targets current-character FLuxMoveBank bucket 2
007,Siegfried,backstep_candidate,2223,2,2345,0x26E6,007,Siegfried,True,1167,resolved_move_bucket,confirmed_static_data,0x26E6: bank 2 targets current-character FLuxMoveBank bucket 2
007,Siegfried,forward_step_candidate,2224,2,2345,0x26E6,007,Siegfried,True,1167,resolved_move_bucket,confirmed_static_data,0x26E6: bank 2 targets current-character FLuxMoveBank bucket 2
007,Siegfried,backstep_candidate,2262,2,2347,0x26E8,007,Siegfried,True,1250,resolved_move_bucket,confirmed_static_data,0x26E8: bank 2 targets current-character FLuxMoveBank bucket 2
007,Siegfried,forward_step_candidate,2264,2,2347,0x26E8,007,Siegfried,True,1250,resolved_move_bucket,confirmed_static_data,0x26E8: bank 2 targets current-character FLuxMoveBank bucket 2
009,Hwang,sidestep_down_candidate,1655,2,1635,0x241D,009,Hwang,True,06C7,resolved_move_bucket,confirmed_static_data,0x241D: bank 2 targets current-character FLuxMoveBank bucket 2
009,Hwang,backstep_candidate,2260,2,1860,0x24FE,009,Hwang,True,1491,resolved_move_bucket,confirmed_static_data,0x24FE: bank 2 targets current-character FLuxMoveBank bucket 2
009,Hwang,forward_step_candidate,2260,2,1860,0x24FE,009,Hwang,True,1491,resolved_move_bucket,confirmed_static_data,0x24FE: bank 2 targets current-character FLuxMoveBank bucket 2
009,Hwang,backstep_candidate,2261,2,2458,0x2754,009,Hwang,True,1254,resolved_move_bucket,confirmed_static_data,0x2754: bank 2 targets current-character FLuxMoveBank bucket 2
009,Hwang,forward_step_candidate,2261,2,2458,0x2754,009,Hwang,True,1254,resolved_move_bucket,confirmed_static_data,0x2754: bank 2 targets current-character FLuxMoveBank bucket 2
00b,Ivy,sidestep_down_candidate,1529,2,1509,0x2384,00b,Ivy,True,027F,resolved_move_bucket,confirmed_static_data,0x2384: bank 2 targets current-character FLuxMoveBank bucket 2
00b,Ivy,backstep_candidate,2063,2,1697,0x2440,00b,Ivy,True,1491,resolved_move_bucket,confirmed_static_data,0x2440: bank 2 targets current-character FLuxMoveBank bucket 2
00b,Ivy,forward_step_candidate,2063,2,1697,0x2440,00b,Ivy,True,1491,resolved_move_bucket,confirmed_static_data,0x2440: bank 2 targets current-character FLuxMoveBank bucket 2
00b,Ivy,backstep_candidate,2064,2,2366,0x26DD,00b,Ivy,True,1254,resolved_move_bucket,confirmed_static_data,0x26DD: bank 2 targets current-character FLuxMoveBank bucket 2
00b,Ivy,forward_step_candidate,2064,2,2366,0x26DD,00b,Ivy,True,1254,resolved_move_bucket,confirmed_static_data,0x26DD: bank 2 targets current-character FLuxMoveBank bucket 2
00b,Ivy,backstep_candidate,2197,2,2372,0x26E3,00b,Ivy,True,15DF,resolved_move_bucket,confirmed_static_data,0x26E3: bank 2 targets current-character FLuxMoveBank bucket 2
00b,Ivy,forward_step_candidate,2197,2,2372,0x26E3,00b,Ivy,True,15DF,resolved_move_bucket,confirmed_static_data,0x26E3: bank 2 targets current-character FLuxMoveBank bucket 2
00b,Ivy,backstep_candidate,2199,2,2372,0x26E3,00b,Ivy,True,15DF,resolved_move_bucket,confirmed_static_data,0x26E3: bank 2 targets current-character FLuxMoveBank bucket 2
00b,Ivy,forward_step_candidate,2199,2,2372,0x26E3,00b,Ivy,True,15DF,resolved_move_bucket,confirmed_static_data,0x26E3: bank 2 targets current-character FLuxMoveBank bucket 2
00b,Ivy,backstep_candidate,2253,2,2375,0x26E6,00b,Ivy,True,1168,resolved_move_bucket,confirmed_static_data,0x26E6: bank 2 targets current-character FLuxMoveBank bucket 2
00b,Ivy,forward_step_candidate,2254,2,2375,0x26E6,00b,Ivy,True,1168,resolved_move_bucket,confirmed_static_data,0x26E6: bank 2 targets current-character FLuxMoveBank bucket 2
00b,Ivy,backstep_candidate,2292,2,2377,0x26E8,00b,Ivy,True,1251,resolved_move_bucket,confirmed_static_data,0x26E8: bank 2 targets current-character FLuxMoveBank bucket 2
00b,Ivy,forward_step_candidate,2294,2,2377,0x26E8,00b,Ivy,True,1251,resolved_move_bucket,confirmed_static_data,0x26E8: bank 2 targets current-character FLuxMoveBank bucket 2
00c,Kilik,unknown_directional,539,1,540,0x101B,00c,Kilik,True,0216,resolved_move_bucket,confirmed_static_data,0x101B: bank 1 targets current-character FLuxMoveBank bucket 1
00c,Kilik,sidestep_down_candidate,1472,2,1452,0x2384,00c,Kilik,True,001F,resolved_move_bucket,confirmed_static_data,0x2384: bank 2 targets current-character FLuxMoveBank bucket 2
00c,Kilik,backstep_candidate,2006,2,1640,0x2440,00c,Kilik,True,1491,resolved_move_bucket,confirmed_static_data,0x2440: bank 2 targets current-character FLuxMoveBank bucket 2
00c,Kilik,forward_step_candidate,2006,2,1640,0x2440,00c,Kilik,True,1491,resolved_move_bucket,confirmed_static_data,0x2440: bank 2 targets current-character FLuxMoveBank bucket 2
00c,Kilik,backstep_candidate,2007,2,2309,0x26DD,00c,Kilik,True,1254,resolved_move_bucket,confirmed_static_data,0x26DD: bank 2 targets current-character FLuxMoveBank bucket 2
00c,Kilik,forward_step_candidate,2007,2,2309,0x26DD,00c,Kilik,True,1254,resolved_move_bucket,confirmed_static_data,0x26DD: bank 2 targets current-character FLuxMoveBank bucket 2
00c,Kilik,backstep_candidate,2140,2,2315,0x26E3,00c,Kilik,True,15DF,resolved_move_bucket,confirmed_static_data,0x26E3: bank 2 targets current-character FLuxMoveBank bucket 2
00c,Kilik,forward_step_candidate,2140,2,2315,0x26E3,00c,Kilik,True,15DF,resolved_move_bucket,confirmed_static_data,0x26E3: bank 2 targets current-character FLuxMoveBank bucket 2
00c,Kilik,backstep_candidate,2142,2,2315,0x26E3,00c,Kilik,True,15DF,resolved_move_bucket,confirmed_static_data,0x26E3: bank 2 targets current-character FLuxMoveBank bucket 2
00c,Kilik,forward_step_candidate,2142,2,2315,0x26E3,00c,Kilik,True,15DF,resolved_move_bucket,confirmed_static_data,0x26E3: bank 2 targets current-character FLuxMoveBank bucket 2
00c,Kilik,backstep_candidate,2196,2,2318,0x26E6,00c,Kilik,True,1168,resolved_move_bucket,confirmed_static_data,0x26E6: bank 2 targets current-character FLuxMoveBank bucket 2
00c,Kilik,forward_step_candidate,2197,2,2318,0x26E6,00c,Kilik,True,1168,resolved_move_bucket,confirmed_static_data,0x26E6: bank 2 targets current-character FLuxMoveBank bucket 2
00c,Kilik,backstep_candidate,2235,2,2320,0x26E8,00c,Kilik,True,1251,resolved_move_bucket,confirmed_static_data,0x26E8: bank 2 targets current-character FLuxMoveBank bucket 2
00c,Kilik,forward_step_candidate,2237,2,2320,0x26E8,00c,Kilik,True,1251,resolved_move_bucket,confirmed_static_data,0x26E8: bank 2 targets current-character FLuxMoveBank bucket 2
00d,Xianghua,sidestep_down_candidate,1527,2,1507,0x2384,00d,Xianghua,True,0135,resolved_move_bucket,confirmed_static_data,0x2384: bank 2 targets current-character FLuxMoveBank bucket 2
00d,Xianghua,backstep_candidate,2061,2,1695,0x2440,00d,Xianghua,True,1491,resolved_move_bucket,confirmed_static_data,0x2440: bank 2 targets current-character FLuxMoveBank bucket 2
00d,Xianghua,forward_step_candidate,2061,2,1695,0x2440,00d,Xianghua,True,1491,resolved_move_bucket,confirmed_static_data,0x2440: bank 2 targets current-character FLuxMoveBank bucket 2
00d,Xianghua,backstep_candidate,2062,2,2364,0x26DD,00d,Xianghua,True,1254,resolved_move_bucket,confirmed_static_data,0x26DD: bank 2 targets current-character FLuxMoveBank bucket 2
00d,Xianghua,forward_step_candidate,2062,2,2364,0x26DD,00d,Xianghua,True,1254,resolved_move_bucket,confirmed_static_data,0x26DD: bank 2 targets current-character FLuxMoveBank bucket 2
00d,Xianghua,backstep_candidate,2195,2,2370,0x26E3,00d,Xianghua,True,15DF,resolved_move_bucket,confirmed_static_data,0x26E3: bank 2 targets current-character FLuxMoveBank bucket 2
00d,Xianghua,forward_step_candidate,2195,2,2370,0x26E3,00d,Xianghua,True,15DF,resolved_move_bucket,confirmed_static_data,0x26E3: bank 2 targets current-character FLuxMoveBank bucket 2
00d,Xianghua,backstep_candidate,2197,2,2370,0x26E3,00d,Xianghua,True,15DF,resolved_move_bucket,confirmed_static_data,0x26E3: bank 2 targets current-character FLuxMoveBank bucket 2
00d,Xianghua,forward_step_candidate,2197,2,2370,0x26E3,00d,Xianghua,True,15DF,resolved_move_bucket,confirmed_static_data,0x26E3: bank 2 targets current-character FLuxMoveBank bucket 2
00d,Xianghua,backstep_candidate,2251,2,2373,0x26E6,00d,Xianghua,True,1168,resolved_move_bucket,confirmed_static_data,0x26E6: bank 2 targets current-character FLuxMoveBank bucket 2
00d,Xianghua,forward_step_candidate,2252,2,2373,0x26E6,00d,Xianghua,True,1168,resolved_move_bucket,confirmed_static_data,0x26E6: bank 2 targets current-character FLuxMoveBank bucket 2
00d,Xianghua,backstep_candidate,2290,2,2375,0x26E8,00d,Xianghua,True,1251,resolved_move_bucket,confirmed_static_data,0x26E8: bank 2 targets current-character FLuxMoveBank bucket 2
00d,Xianghua,forward_step_candidate,2292,2,2375,0x26E8,00d,Xianghua,True,1251,resolved_move_bucket,confirmed_static_data,0x26E8: bank 2 targets current-character FLuxMoveBank bucket 2
00d,Xianghua,sidestep_down_candidate,2643,3,2986,0x322C,00d,Xianghua,True,0277,resolved_move_bucket,confirmed_static_data,0x322C: bank 3 targets current-character FLuxMoveBank bucket 3
00d,Xianghua,sidestep_down_candidate,2643,3,2986,0x322C,00d,Xianghua,True,0277,resolved_move_bucket,confirmed_static_data,0x322C: bank 3 targets current-character FLuxMoveBank bucket 3
00d,Xianghua,backstep_candidate,2978,3,2979,0x3225,00d,Xianghua,True,00EF,resolved_move_bucket,confirmed_static_data,0x3225: bank 3 targets current-character FLuxMoveBank bucket 3
00d,Xianghua,forward_step_candidate,2978,3,2981,0x3227,00d,Xianghua,True,0286,resolved_move_bucket,confirmed_static_data,0x3227: bank 3 targets current-character FLuxMoveBank bucket 3
00d,Xianghua,forward_diagonal,2984,3,2985,0x322B,00d,Xianghua,True,0044,resolved_move_bucket,confirmed_static_data,0x322B: bank 3 targets current-character FLuxMoveBank bucket 3
00f,Yoshimitsu,sidestep_down_candidate,1608,2,1588,0x2384,00f,Yoshimitsu,True,017B,resolved_move_bucket,confirmed_static_data,0x2384: bank 2 targets current-character FLuxMoveBank bucket 2
00f,Yoshimitsu,backstep_candidate,2142,2,1776,0x2440,00f,Yoshimitsu,True,1490,resolved_move_bucket,confirmed_static_data,0x2440: bank 2 targets current-character FLuxMoveBank bucket 2
00f,Yoshimitsu,forward_step_candidate,2142,2,1776,0x2440,00f,Yoshimitsu,True,1490,resolved_move_bucket,confirmed_static_data,0x2440: bank 2 targets current-character FLuxMoveBank bucket 2
00f,Yoshimitsu,backstep_candidate,2143,2,2445,0x26DD,00f,Yoshimitsu,True,1255,resolved_move_bucket,confirmed_static_data,0x26DD: bank 2 targets current-character FLuxMoveBank bucket 2
00f,Yoshimitsu,forward_step_candidate,2143,2,2445,0x26DD,00f,Yoshimitsu,True,1255,resolved_move_bucket,confirmed_static_data,0x26DD: bank 2 targets current-character FLuxMoveBank bucket 2
00f,Yoshimitsu,backstep_candidate,2276,2,2451,0x26E3,00f,Yoshimitsu,True,15DF,resolved_move_bucket,confirmed_static_data,0x26E3: bank 2 targets current-character FLuxMoveBank bucket 2
00f,Yoshimitsu,forward_step_candidate,2276,2,2451,0x26E3,00f,Yoshimitsu,True,15DF,resolved_move_bucket,confirmed_static_data,0x26E3: bank 2 targets current-character FLuxMoveBank bucket 2
00f,Yoshimitsu,backstep_candidate,2278,2,2451,0x26E3,00f,Yoshimitsu,True,15DF,resolved_move_bucket,confirmed_static_data,0x26E3: bank 2 targets current-character FLuxMoveBank bucket 2
00f,Yoshimitsu,forward_step_candidate,2278,2,2451,0x26E3,00f,Yoshimitsu,True,15DF,resolved_move_bucket,confirmed_static_data,0x26E3: bank 2 targets current-character FLuxMoveBank bucket 2
00f,Yoshimitsu,backstep_candidate,2332,2,2454,0x26E6,00f,Yoshimitsu,True,1167,resolved_move_bucket,confirmed_static_data,0x26E6: bank 2 targets current-character FLuxMoveBank bucket 2
00f,Yoshimitsu,forward_step_candidate,2333,2,2454,0x26E6,00f,Yoshimitsu,True,1167,resolved_move_bucket,confirmed_static_data,0x26E6: bank 2 targets current-character FLuxMoveBank bucket 2
00f,Yoshimitsu,backstep_candidate,2371,2,2456,0x26E8,00f,Yoshimitsu,True,1250,resolved_move_bucket,confirmed_static_data,0x26E8: bank 2 targets current-character FLuxMoveBank bucket 2
00f,Yoshimitsu,forward_step_candidate,2373,2,2456,0x26E8,00f,Yoshimitsu,True,1250,resolved_move_bucket,confirmed_static_data,0x26E8: bank 2 targets current-character FLuxMoveBank bucket 2
011,Nightmare,sidestep_down_candidate,1504,2,1484,0x2384,011,Nightmare,True,01CE,resolved_move_bucket,confirmed_static_data,0x2384: bank 2 targets current-character FLuxMoveBank bucket 2
011,Nightmare,backstep_candidate,2038,2,1672,0x2440,011,Nightmare,True,1490,resolved_move_bucket,confirmed_static_data,0x2440: bank 2 targets current-character FLuxMoveBank bucket 2
011,Nightmare,forward_step_candidate,2038,2,1672,0x2440,011,Nightmare,True,1490,resolved_move_bucket,confirmed_static_data,0x2440: bank 2 targets current-character FLuxMoveBank bucket 2
011,Nightmare,backstep_candidate,2039,2,2341,0x26DD,011,Nightmare,True,1255,resolved_move_bucket,confirmed_static_data,0x26DD: bank 2 targets current-character FLuxMoveBank bucket 2
011,Nightmare,forward_step_candidate,2039,2,2341,0x26DD,011,Nightmare,True,1255,resolved_move_bucket,confirmed_static_data,0x26DD: bank 2 targets current-character FLuxMoveBank bucket 2
011,Nightmare,backstep_candidate,2172,2,2347,0x26E3,011,Nightmare,True,15DF,resolved_move_bucket,confirmed_static_data,0x26E3: bank 2 targets current-character FLuxMoveBank bucket 2
011,Nightmare,forward_step_candidate,2172,2,2347,0x26E3,011,Nightmare,True,15DF,resolved_move_bucket,confirmed_static_data,0x26E3: bank 2 targets current-character FLuxMoveBank bucket 2
011,Nightmare,backstep_candidate,2174,2,2347,0x26E3,011,Nightmare,True,15DF,resolved_move_bucket,confirmed_static_data,0x26E3: bank 2 targets current-character FLuxMoveBank bucket 2
011,Nightmare,forward_step_candidate,2174,2,2347,0x26E3,011,Nightmare,True,15DF,resolved_move_bucket,confirmed_static_data,0x26E3: bank 2 targets current-character FLuxMoveBank bucket 2
011,Nightmare,backstep_candidate,2228,2,2350,0x26E6,011,Nightmare,True,1167,resolved_move_bucket,confirmed_static_data,0x26E6: bank 2 targets current-character FLuxMoveBank bucket 2
011,Nightmare,forward_step_candidate,2229,2,2350,0x26E6,011,Nightmare,True,1167,resolved_move_bucket,confirmed_static_data,0x26E6: bank 2 targets current-character FLuxMoveBank bucket 2
011,Nightmare,backstep_candidate,2267,2,2352,0x26E8,011,Nightmare,True,1250,resolved_move_bucket,confirmed_static_data,0x26E8: bank 2 targets current-character FLuxMoveBank bucket 2
011,Nightmare,forward_step_candidate,2269,2,2352,0x26E8,011,Nightmare,True,1250,resolved_move_bucket,confirmed_static_data,0x26E8: bank 2 targets current-character FLuxMoveBank bucket 2
011,Nightmare,sidestep_down_candidate,2953,3,3062,0x328F,011,Nightmare,True,0375,resolved_move_bucket,confirmed_static_data,0x328F: bank 3 targets current-character FLuxMoveBank bucket 3
011,Nightmare,sidestep_down_candidate,2953,3,3063,0x3290,011,Nightmare,True,0229,resolved_move_bucket,confirmed_static_data,0x3290: bank 3 targets current-character FLuxMoveBank bucket 3
011,Nightmare,sidestep_down_candidate,2953,3,3056,0x3289,011,Nightmare,True,0234,resolved_move_bucket,confirmed_static_data,0x3289: bank 3 targets current-character FLuxMoveBank bucket 3
011,Nightmare,sidestep_down_candidate,2953,3,3059,0x328C,011,Nightmare,True,0235,resolved_move_bucket,confirmed_static_data,0x328C: bank 3 targets current-character FLuxMoveBank bucket 3
011,Nightmare,sidestep_down_candidate,2953,3,3061,0x328E,011,Nightmare,True,007E,resolved_move_bucket,confirmed_static_data,0x328E: bank 3 targets current-character FLuxMoveBank bucket 3
011,Nightmare,sidestep_down_candidate,2953,3,3010,0x325B,011,Nightmare,True,02DD,resolved_move_bucket,confirmed_static_data,0x325B: bank 3 targets current-character FLuxMoveBank bucket 3
011,Nightmare,sidestep_down_candidate,2953,3,3011,0x325C,011,Nightmare,True,03F4,resolved_move_bucket,confirmed_static_data,0x325C: bank 3 targets current-character FLuxMoveBank bucket 3
011,Nightmare,sidestep_down_candidate,2953,3,3019,0x3264,011,Nightmare,True,03FD,resolved_move_bucket,confirmed_static_data,0x3264: bank 3 targets current-character FLuxMoveBank bucket 3
011,Nightmare,sidestep_down_candidate,2953,3,3010,0x325B,011,Nightmare,True,02DD,resolved_move_bucket,confirmed_static_data,0x325B: bank 3 targets current-character FLuxMoveBank bucket 3
011,Nightmare,sidestep_down_candidate,2953,3,3065,0x3292,011,Nightmare,True,029C,resolved_move_bucket,confirmed_static_data,0x3292: bank 3 targets current-character FLuxMoveBank bucket 3
011,Nightmare,sidestep_down_candidate,2953,3,3011,0x325C,011,Nightmare,True,03F4,resolved_move_bucket,confirmed_static_data,0x325C: bank 3 targets current-character FLuxMoveBank bucket 3
011,Nightmare,sidestep_down_candidate,2953,3,3019,0x3264,011,Nightmare,True,03FD,resolved_move_bucket,confirmed_static_data,0x3264: bank 3 targets current-character FLuxMoveBank bucket 3
011,Nightmare,sidestep_down_candidate,2953,3,3065,0x3292,011,Nightmare,True,029C,resolved_move_bucket,confirmed_static_data,0x3292: bank 3 targets current-character FLuxMoveBank bucket 3
011,Nightmare,backstep_candidate,2967,3,2968,0x3231,011,Nightmare,True,02B6,resolved_move_bucket,confirmed_static_data,0x3231: bank 3 targets current-character FLuxMoveBank bucket 3
011,Nightmare,backstep_candidate,2977,3,2978,0x323B,011,Nightmare,True,021E,resolved_move_bucket,confirmed_static_data,0x323B: bank 3 targets current-character FLuxMoveBank bucket 3
011,Nightmare,forward_step_candidate,2977,3,2979,0x323C,011,Nightmare,True,02CC,resolved_move_bucket,confirmed_static_data,0x323C: bank 3 targets current-character FLuxMoveBank bucket 3
011,Nightmare,backstep_candidate,2981,3,2983,0x3240,011,Nightmare,True,02A3,resolved_move_bucket,confirmed_static_data,0x3240: bank 3 targets current-character FLuxMoveBank bucket 3
011,Nightmare,backstep_candidate,2984,3,2985,0x3242,011,Nightmare,True,0071,resolved_move_bucket,confirmed_static_data,0x3242: bank 3 targets current-character FLuxMoveBank bucket 3
011,Nightmare,forward_step_candidate,2993,3,2994,0x324B,011,Nightmare,True,00C0,resolved_move_bucket,confirmed_static_data,0x324B: bank 3 targets current-character FLuxMoveBank bucket 3
011,Nightmare,sidestep_up_candidate,3005,3,3006,0x3257,011,Nightmare,True,0327,resolved_move_bucket,confirmed_static_data,0x3257: bank 3 targets current-character FLuxMoveBank bucket 3
011,Nightmare,sidestep_up_candidate,3007,3,3008,0x3259,011,Nightmare,True,015A,resolved_move_bucket,confirmed_static_data,0x3259: bank 3 targets current-character FLuxMoveBank bucket 3
011,Nightmare,backstep_candidate,3027,3,2983,0x3240,011,Nightmare,True,02A3,resolved_move_bucket,confirmed_static_data,0x3240: bank 3 targets current-character FLuxMoveBank bucket 3
011,Nightmare,backstep_candidate,3033,3,3034,0x3273,011,Nightmare,True,0394,resolved_move_bucket,confirmed_static_data,0x3273: bank 3 targets current-character FLuxMoveBank bucket 3
011,Nightmare,forward_step_candidate,3047,3,3048,0x3281,011,Nightmare,True,0360,resolved_move_bucket,confirmed_static_data,0x3281: bank 3 targets current-character FLuxMoveBank bucket 3
011,Nightmare,forward_step_candidate,3056,3,3058,0x328B,011,Nightmare,True,01EF,resolved_move_bucket,confirmed_static_data,0x328B: bank 3 targets current-character FLuxMoveBank bucket 3
011,Nightmare,backstep_candidate,3056,3,3057,0x328A,011,Nightmare,True,01DC,resolved_move_bucket,confirmed_static_data,0x328A: bank 3 targets current-character FLuxMoveBank bucket 3
011,Nightmare,backstep_candidate,3074,3,3078,0x329F,011,Nightmare,True,0402,resolved_move_bucket,confirmed_static_data,0x329F: bank 3 targets current-character FLuxMoveBank bucket 3
011,Nightmare,sidestep_up_candidate,3080,3,3062,0x328F,011,Nightmare,True,0375,resolved_move_bucket,confirmed_static_data,0x328F: bank 3 targets current-character FLuxMoveBank bucket 3
011,Nightmare,backstep_candidate,3080,3,3063,0x3290,011,Nightmare,True,0229,resolved_move_bucket,confirmed_static_data,0x3290: bank 3 targets current-character FLuxMoveBank bucket 3
011,Nightmare,forward_step_candidate,3080,3,3056,0x3289,011,Nightmare,True,0234,resolved_move_bucket,confirmed_static_data,0x3289: bank 3 targets current-character FLuxMoveBank bucket 3
011,Nightmare,sidestep_up_candidate,3080,3,3059,0x328C,011,Nightmare,True,0235,resolved_move_bucket,confirmed_static_data,0x328C: bank 3 targets current-character FLuxMoveBank bucket 3
011,Nightmare,forward_step_candidate,3080,3,3061,0x328E,011,Nightmare,True,007E,resolved_move_bucket,confirmed_static_data,0x328E: bank 3 targets current-character FLuxMoveBank bucket 3
012,Astaroth,sidestep_down_candidate,1534,2,1514,0x2384,012,Astaroth,True,0123,resolved_move_bucket,confirmed_static_data,0x2384: bank 2 targets current-character FLuxMoveBank bucket 2
012,Astaroth,backstep_candidate,2068,2,1702,0x2440,012,Astaroth,True,1490,resolved_move_bucket,confirmed_static_data,0x2440: bank 2 targets current-character FLuxMoveBank bucket 2
012,Astaroth,forward_step_candidate,2068,2,1702,0x2440,012,Astaroth,True,1490,resolved_move_bucket,confirmed_static_data,0x2440: bank 2 targets current-character FLuxMoveBank bucket 2
012,Astaroth,backstep_candidate,2069,2,2371,0x26DD,012,Astaroth,True,1255,resolved_move_bucket,confirmed_static_data,0x26DD: bank 2 targets current-character FLuxMoveBank bucket 2
012,Astaroth,forward_step_candidate,2069,2,2371,0x26DD,012,Astaroth,True,1255,resolved_move_bucket,confirmed_static_data,0x26DD: bank 2 targets current-character FLuxMoveBank bucket 2
012,Astaroth,backstep_candidate,2202,2,2377,0x26E3,012,Astaroth,True,15DF,resolved_move_bucket,confirmed_static_data,0x26E3: bank 2 targets current-character FLuxMoveBank bucket 2
012,Astaroth,forward_step_candidate,2202,2,2377,0x26E3,012,Astaroth,True,15DF,resolved_move_bucket,confirmed_static_data,0x26E3: bank 2 targets current-character FLuxMoveBank bucket 2
012,Astaroth,backstep_candidate,2204,2,2377,0x26E3,012,Astaroth,True,15DF,resolved_move_bucket,confirmed_static_data,0x26E3: bank 2 targets current-character FLuxMoveBank bucket 2
012,Astaroth,forward_step_candidate,2204,2,2377,0x26E3,012,Astaroth,True,15DF,resolved_move_bucket,confirmed_static_data,0x26E3: bank 2 targets current-character FLuxMoveBank bucket 2
012,Astaroth,backstep_candidate,2258,2,2380,0x26E6,012,Astaroth,True,1167,resolved_move_bucket,confirmed_static_data,0x26E6: bank 2 targets current-character FLuxMoveBank bucket 2
012,Astaroth,forward_step_candidate,2259,2,2380,0x26E6,012,Astaroth,True,1167,resolved_move_bucket,confirmed_static_data,0x26E6: bank 2 targets current-character FLuxMoveBank bucket 2
012,Astaroth,backstep_candidate,2297,2,2382,0x26E8,012,Astaroth,True,1250,resolved_move_bucket,confirmed_static_data,0x26E8: bank 2 targets current-character FLuxMoveBank bucket 2
012,Astaroth,forward_step_candidate,2299,2,2382,0x26E8,012,Astaroth,True,1250,resolved_move_bucket,confirmed_static_data,0x26E8: bank 2 targets current-character FLuxMoveBank bucket 2
012,Astaroth,sidestep_down_candidate,2650,3,2980,0x321F,012,Astaroth,True,02B7,resolved_move_bucket,confirmed_static_data,0x321F: bank 3 targets current-character FLuxMoveBank bucket 3
012,Astaroth,sidestep_down_candidate,2650,3,2980,0x321F,012,Astaroth,True,02B7,resolved_move_bucket,confirmed_static_data,0x321F: bank 3 targets current-character FLuxMoveBank bucket 3
014,Cervantes,sidestep_down_candidate,1512,2,1492,0x2384,014,Cervantes,True,0143,resolved_move_bucket,confirmed_static_data,0x2384: bank 2 targets current-character FLuxMoveBank bucket 2
014,Cervantes,backstep_candidate,2046,2,1680,0x2440,014,Cervantes,True,1490,resolved_move_bucket,confirmed_static_data,0x2440: bank 2 targets current-character FLuxMoveBank bucket 2
014,Cervantes,forward_step_candidate,2046,2,1680,0x2440,014,Cervantes,True,1490,resolved_move_bucket,confirmed_static_data,0x2440: bank 2 targets current-character FLuxMoveBank bucket 2
014,Cervantes,backstep_candidate,2047,2,2349,0x26DD,014,Cervantes,True,1255,resolved_move_bucket,confirmed_static_data,0x26DD: bank 2 targets current-character FLuxMoveBank bucket 2
014,Cervantes,forward_step_candidate,2047,2,2349,0x26DD,014,Cervantes,True,1255,resolved_move_bucket,confirmed_static_data,0x26DD: bank 2 targets current-character FLuxMoveBank bucket 2
014,Cervantes,backstep_candidate,2180,2,2355,0x26E3,014,Cervantes,True,15DF,resolved_move_bucket,confirmed_static_data,0x26E3: bank 2 targets current-character FLuxMoveBank bucket 2
014,Cervantes,forward_step_candidate,2180,2,2355,0x26E3,014,Cervantes,True,15DF,resolved_move_bucket,confirmed_static_data,0x26E3: bank 2 targets current-character FLuxMoveBank bucket 2
014,Cervantes,backstep_candidate,2182,2,2355,0x26E3,014,Cervantes,True,15DF,resolved_move_bucket,confirmed_static_data,0x26E3: bank 2 targets current-character FLuxMoveBank bucket 2
014,Cervantes,forward_step_candidate,2182,2,2355,0x26E3,014,Cervantes,True,15DF,resolved_move_bucket,confirmed_static_data,0x26E3: bank 2 targets current-character FLuxMoveBank bucket 2
014,Cervantes,backstep_candidate,2236,2,2358,0x26E6,014,Cervantes,True,1167,resolved_move_bucket,confirmed_static_data,0x26E6: bank 2 targets current-character FLuxMoveBank bucket 2
014,Cervantes,forward_step_candidate,2237,2,2358,0x26E6,014,Cervantes,True,1167,resolved_move_bucket,confirmed_static_data,0x26E6: bank 2 targets current-character FLuxMoveBank bucket 2
014,Cervantes,backstep_candidate,2275,2,2360,0x26E8,014,Cervantes,True,1250,resolved_move_bucket,confirmed_static_data,0x26E8: bank 2 targets current-character FLuxMoveBank bucket 2
014,Cervantes,forward_step_candidate,2277,2,2360,0x26E8,014,Cervantes,True,1250,resolved_move_bucket,confirmed_static_data,0x26E8: bank 2 targets current-character FLuxMoveBank bucket 2
015,Raphael,sidestep_down_candidate,1436,2,1416,0x2384,015,Raphael,True,00CD,resolved_move_bucket,confirmed_static_data,0x2384: bank 2 targets current-character FLuxMoveBank bucket 2
015,Raphael,backstep_candidate,1970,2,1604,0x2440,015,Raphael,True,1491,resolved_move_bucket,confirmed_static_data,0x2440: bank 2 targets current-character FLuxMoveBank bucket 2
015,Raphael,forward_step_candidate,1970,2,1604,0x2440,015,Raphael,True,1491,resolved_move_bucket,confirmed_static_data,0x2440: bank 2 targets current-character FLuxMoveBank bucket 2
015,Raphael,backstep_candidate,1971,2,2273,0x26DD,015,Raphael,True,1254,resolved_move_bucket,confirmed_static_data,0x26DD: bank 2 targets current-character FLuxMoveBank bucket 2
015,Raphael,forward_step_candidate,1971,2,2273,0x26DD,015,Raphael,True,1254,resolved_move_bucket,confirmed_static_data,0x26DD: bank 2 targets current-character FLuxMoveBank bucket 2
015,Raphael,backstep_candidate,2104,2,2279,0x26E3,015,Raphael,True,15DF,resolved_move_bucket,confirmed_static_data,0x26E3: bank 2 targets current-character FLuxMoveBank bucket 2
015,Raphael,forward_step_candidate,2104,2,2279,0x26E3,015,Raphael,True,15DF,resolved_move_bucket,confirmed_static_data,0x26E3: bank 2 targets current-character FLuxMoveBank bucket 2
015,Raphael,backstep_candidate,2106,2,2279,0x26E3,015,Raphael,True,15DF,resolved_move_bucket,confirmed_static_data,0x26E3: bank 2 targets current-character FLuxMoveBank bucket 2
015,Raphael,forward_step_candidate,2106,2,2279,0x26E3,015,Raphael,True,15DF,resolved_move_bucket,confirmed_static_data,0x26E3: bank 2 targets current-character FLuxMoveBank bucket 2
015,Raphael,backstep_candidate,2160,2,2282,0x26E6,015,Raphael,True,1168,resolved_move_bucket,confirmed_static_data,0x26E6: bank 2 targets current-character FLuxMoveBank bucket 2
015,Raphael,forward_step_candidate,2161,2,2282,0x26E6,015,Raphael,True,1168,resolved_move_bucket,confirmed_static_data,0x26E6: bank 2 targets current-character FLuxMoveBank bucket 2
015,Raphael,backstep_candidate,2199,2,2284,0x26E8,015,Raphael,True,1251,resolved_move_bucket,confirmed_static_data,0x26E8: bank 2 targets current-character FLuxMoveBank bucket 2
015,Raphael,forward_step_candidate,2201,2,2284,0x26E8,015,Raphael,True,1251,resolved_move_bucket,confirmed_static_data,0x26E8: bank 2 targets current-character FLuxMoveBank bucket 2
016,Talim,eight_way_or_ambiguous,479,2,1789,0x24CF,016,Talim,True,1153,resolved_move_bucket,confirmed_static_data,0x24CF: bank 2 targets current-character FLuxMoveBank bucket 2
016,Talim,eight_way_or_ambiguous,480,2,1789,0x24CF,016,Talim,True,1153,resolved_move_bucket,confirmed_static_data,0x24CF: bank 2 targets current-character FLuxMoveBank bucket 2
016,Talim,eight_way_or_ambiguous,481,2,1789,0x24CF,016,Talim,True,1153,resolved_move_bucket,confirmed_static_data,0x24CF: bank 2 targets current-character FLuxMoveBank bucket 2
016,Talim,eight_way_or_ambiguous,482,2,1789,0x24CF,016,Talim,True,1153,resolved_move_bucket,confirmed_static_data,0x24CF: bank 2 targets current-character FLuxMoveBank bucket 2
016,Talim,sidestep_down_candidate,1478,2,1458,0x2384,016,Talim,True,0120,resolved_move_bucket,confirmed_static_data,0x2384: bank 2 targets current-character FLuxMoveBank bucket 2
016,Talim,backstep_candidate,2012,2,1646,0x2440,016,Talim,True,1490,resolved_move_bucket,confirmed_static_data,0x2440: bank 2 targets current-character FLuxMoveBank bucket 2
016,Talim,forward_step_candidate,2012,2,1646,0x2440,016,Talim,True,1490,resolved_move_bucket,confirmed_static_data,0x2440: bank 2 targets current-character FLuxMoveBank bucket 2
016,Talim,backstep_candidate,2013,2,2315,0x26DD,016,Talim,True,1255,resolved_move_bucket,confirmed_static_data,0x26DD: bank 2 targets current-character FLuxMoveBank bucket 2
016,Talim,forward_step_candidate,2013,2,2315,0x26DD,016,Talim,True,1255,resolved_move_bucket,confirmed_static_data,0x26DD: bank 2 targets current-character FLuxMoveBank bucket 2
016,Talim,backstep_candidate,2146,2,2321,0x26E3,016,Talim,True,15DF,resolved_move_bucket,confirmed_static_data,0x26E3: bank 2 targets current-character FLuxMoveBank bucket 2
016,Talim,forward_step_candidate,2146,2,2321,0x26E3,016,Talim,True,15DF,resolved_move_bucket,confirmed_static_data,0x26E3: bank 2 targets current-character FLuxMoveBank bucket 2
016,Talim,backstep_candidate,2148,2,2321,0x26E3,016,Talim,True,15DF,resolved_move_bucket,confirmed_static_data,0x26E3: bank 2 targets current-character FLuxMoveBank bucket 2
016,Talim,forward_step_candidate,2148,2,2321,0x26E3,016,Talim,True,15DF,resolved_move_bucket,confirmed_static_data,0x26E3: bank 2 targets current-character FLuxMoveBank bucket 2
016,Talim,backstep_candidate,2202,2,2324,0x26E6,016,Talim,True,1167,resolved_move_bucket,confirmed_static_data,0x26E6: bank 2 targets current-character FLuxMoveBank bucket 2
016,Talim,forward_step_candidate,2203,2,2324,0x26E6,016,Talim,True,1167,resolved_move_bucket,confirmed_static_data,0x26E6: bank 2 targets current-character FLuxMoveBank bucket 2
016,Talim,backstep_candidate,2241,2,2326,0x26E8,016,Talim,True,1250,resolved_move_bucket,confirmed_static_data,0x26E8: bank 2 targets current-character FLuxMoveBank bucket 2
016,Talim,forward_step_candidate,2243,2,2326,0x26E8,016,Talim,True,1250,resolved_move_bucket,confirmed_static_data,0x26E8: bank 2 targets current-character FLuxMoveBank bucket 2
017,Cassandra,unknown_directional,322,2,2467,0x275B,017,Cassandra,True,04B2,resolved_move_bucket,confirmed_static_data,0x275B: bank 2 targets current-character FLuxMoveBank bucket 2
017,Cassandra,unknown_directional,323,2,2467,0x275B,017,Cassandra,True,04B2,resolved_move_bucket,confirmed_static_data,0x275B: bank 2 targets current-character FLuxMoveBank bucket 2
017,Cassandra,sidestep_down_candidate,1657,2,1637,0x241D,017,Cassandra,True,0057,resolved_move_bucket,confirmed_static_data,0x241D: bank 2 targets current-character FLuxMoveBank bucket 2
017,Cassandra,backstep_candidate,2262,2,1862,0x24FE,017,Cassandra,True,1491,resolved_move_bucket,confirmed_static_data,0x24FE: bank 2 targets current-character FLuxMoveBank bucket 2
017,Cassandra,forward_step_candidate,2262,2,1862,0x24FE,017,Cassandra,True,1491,resolved_move_bucket,confirmed_static_data,0x24FE: bank 2 targets current-character FLuxMoveBank bucket 2
017,Cassandra,backstep_candidate,2263,2,2460,0x2754,017,Cassandra,True,1254,resolved_move_bucket,confirmed_static_data,0x2754: bank 2 targets current-character FLuxMoveBank bucket 2
017,Cassandra,forward_step_candidate,2263,2,2460,0x2754,017,Cassandra,True,1254,resolved_move_bucket,confirmed_static_data,0x2754: bank 2 targets current-character FLuxMoveBank bucket 2
022,Setsuka,sidestep_down_candidate,1687,2,1667,0x241D,022,Setsuka,True,0575,resolved_move_bucket,confirmed_static_data,0x241D: bank 2 targets current-character FLuxMoveBank bucket 2
022,Setsuka,backstep_candidate,2292,2,1892,0x24FE,022,Setsuka,True,1490,resolved_move_bucket,confirmed_static_data,0x24FE: bank 2 targets current-character FLuxMoveBank bucket 2
022,Setsuka,forward_step_candidate,2292,2,1892,0x24FE,022,Setsuka,True,1490,resolved_move_bucket,confirmed_static_data,0x24FE: bank 2 targets current-character FLuxMoveBank bucket 2
022,Setsuka,backstep_candidate,2293,2,2490,0x2754,022,Setsuka,True,1255,resolved_move_bucket,confirmed_static_data,0x2754: bank 2 targets current-character FLuxMoveBank bucket 2
022,Setsuka,forward_step_candidate,2293,2,2490,0x2754,022,Setsuka,True,1255,resolved_move_bucket,confirmed_static_data,0x2754: bank 2 targets current-character FLuxMoveBank bucket 2
023,Tira,sidestep_down_candidate,1504,2,1484,0x2384,023,Tira,True,016C,resolved_move_bucket,confirmed_static_data,0x2384: bank 2 targets current-character FLuxMoveBank bucket 2
023,Tira,backstep_candidate,2038,2,1672,0x2440,023,Tira,True,1491,resolved_move_bucket,confirmed_static_data,0x2440: bank 2 targets current-character FLuxMoveBank bucket 2
023,Tira,forward_step_candidate,2038,2,1672,0x2440,023,Tira,True,1491,resolved_move_bucket,confirmed_static_data,0x2440: bank 2 targets current-character FLuxMoveBank bucket 2
023,Tira,backstep_candidate,2039,2,2341,0x26DD,023,Tira,True,1254,resolved_move_bucket,confirmed_static_data,0x26DD: bank 2 targets current-character FLuxMoveBank bucket 2
023,Tira,forward_step_candidate,2039,2,2341,0x26DD,023,Tira,True,1254,resolved_move_bucket,confirmed_static_data,0x26DD: bank 2 targets current-character FLuxMoveBank bucket 2
023,Tira,backstep_candidate,2172,2,2347,0x26E3,023,Tira,True,15DF,resolved_move_bucket,confirmed_static_data,0x26E3: bank 2 targets current-character FLuxMoveBank bucket 2
023,Tira,forward_step_candidate,2172,2,2347,0x26E3,023,Tira,True,15DF,resolved_move_bucket,confirmed_static_data,0x26E3: bank 2 targets current-character FLuxMoveBank bucket 2
023,Tira,backstep_candidate,2174,2,2347,0x26E3,023,Tira,True,15DF,resolved_move_bucket,confirmed_static_data,0x26E3: bank 2 targets current-character FLuxMoveBank bucket 2
023,Tira,forward_step_candidate,2174,2,2347,0x26E3,023,Tira,True,15DF,resolved_move_bucket,confirmed_static_data,0x26E3: bank 2 targets current-character FLuxMoveBank bucket 2
023,Tira,backstep_candidate,2228,2,2350,0x26E6,023,Tira,True,1168,resolved_move_bucket,confirmed_static_data,0x26E6: bank 2 targets current-character FLuxMoveBank bucket 2
023,Tira,forward_step_candidate,2229,2,2350,0x26E6,023,Tira,True,1168,resolved_move_bucket,confirmed_static_data,0x26E6: bank 2 targets current-character FLuxMoveBank bucket 2
023,Tira,backstep_candidate,2267,2,2352,0x26E8,023,Tira,True,1251,resolved_move_bucket,confirmed_static_data,0x26E8: bank 2 targets current-character FLuxMoveBank bucket 2
023,Tira,forward_step_candidate,2269,2,2352,0x26E8,023,Tira,True,1251,resolved_move_bucket,confirmed_static_data,0x26E8: bank 2 targets current-character FLuxMoveBank bucket 2
024,Zasalamel,unknown_directional,474,1,475,0x1017,024,Zasalamel,True,0250,resolved_move_bucket,confirmed_static_data,0x1017: bank 1 targets current-character FLuxMoveBank bucket 1
024,Zasalamel,sidestep_down_candidate,1411,2,1391,0x2384,024,Zasalamel,True,0089,resolved_move_bucket,confirmed_static_data,0x2384: bank 2 targets current-character FLuxMoveBank bucket 2
024,Zasalamel,backstep_candidate,1945,2,1579,0x2440,024,Zasalamel,True,1491,resolved_move_bucket,confirmed_static_data,0x2440: bank 2 targets current-character FLuxMoveBank bucket 2
024,Zasalamel,forward_step_candidate,1945,2,1579,0x2440,024,Zasalamel,True,1491,resolved_move_bucket,confirmed_static_data,0x2440: bank 2 targets current-character FLuxMoveBank bucket 2
024,Zasalamel,backstep_candidate,1946,2,2248,0x26DD,024,Zasalamel,True,1254,resolved_move_bucket,confirmed_static_data,0x26DD: bank 2 targets current-character FLuxMoveBank bucket 2
024,Zasalamel,forward_step_candidate,1946,2,2248,0x26DD,024,Zasalamel,True,1254,resolved_move_bucket,confirmed_static_data,0x26DD: bank 2 targets current-character FLuxMoveBank bucket 2
024,Zasalamel,backstep_candidate,2079,2,2254,0x26E3,024,Zasalamel,True,15DF,resolved_move_bucket,confirmed_static_data,0x26E3: bank 2 targets current-character FLuxMoveBank bucket 2
024,Zasalamel,forward_step_candidate,2079,2,2254,0x26E3,024,Zasalamel,True,15DF,resolved_move_bucket,confirmed_static_data,0x26E3: bank 2 targets current-character FLuxMoveBank bucket 2
024,Zasalamel,backstep_candidate,2081,2,2254,0x26E3,024,Zasalamel,True,15DF,resolved_move_bucket,confirmed_static_data,0x26E3: bank 2 targets current-character FLuxMoveBank bucket 2
024,Zasalamel,forward_step_candidate,2081,2,2254,0x26E3,024,Zasalamel,True,15DF,resolved_move_bucket,confirmed_static_data,0x26E3: bank 2 targets current-character FLuxMoveBank bucket 2
024,Zasalamel,backstep_candidate,2135,2,2257,0x26E6,024,Zasalamel,True,1168,resolved_move_bucket,confirmed_static_data,0x26E6: bank 2 targets current-character FLuxMoveBank bucket 2
024,Zasalamel,forward_step_candidate,2136,2,2257,0x26E6,024,Zasalamel,True,1168,resolved_move_bucket,confirmed_static_data,0x26E6: bank 2 targets current-character FLuxMoveBank bucket 2
024,Zasalamel,backstep_candidate,2174,2,2259,0x26E8,024,Zasalamel,True,1251,resolved_move_bucket,confirmed_static_data,0x26E8: bank 2 targets current-character FLuxMoveBank bucket 2
024,Zasalamel,forward_step_candidate,2176,2,2259,0x26E8,024,Zasalamel,True,1251,resolved_move_bucket,confirmed_static_data,0x26E8: bank 2 targets current-character FLuxMoveBank bucket 2
028,Hilde,sidestep_down_candidate,1584,2,1564,0x241D,028,Hilde,True,05F8,resolved_move_bucket,confirmed_static_data,0x241D: bank 2 targets current-character FLuxMoveBank bucket 2
028,Hilde,backstep_candidate,2189,2,1789,0x24FE,028,Hilde,True,1490,resolved_move_bucket,confirmed_static_data,0x24FE: bank 2 targets current-character FLuxMoveBank bucket 2
028,Hilde,forward_step_candidate,2189,2,1789,0x24FE,028,Hilde,True,1490,resolved_move_bucket,confirmed_static_data,0x24FE: bank 2 targets current-character FLuxMoveBank bucket 2
028,Hilde,backstep_candidate,2190,2,2387,0x2754,028,Hilde,True,1255,resolved_move_bucket,confirmed_static_data,0x2754: bank 2 targets current-character FLuxMoveBank bucket 2
028,Hilde,forward_step_candidate,2190,2,2387,0x2754,028,Hilde,True,1255,resolved_move_bucket,confirmed_static_data,0x2754: bank 2 targets current-character FLuxMoveBank bucket 2
030,Amy,sidestep_down_candidate,1507,2,1487,0x2384,030,Amy,True,0090,resolved_move_bucket,confirmed_static_data,0x2384: bank 2 targets current-character FLuxMoveBank bucket 2
030,Amy,backstep_candidate,2041,2,1675,0x2440,030,Amy,True,1491,resolved_move_bucket,confirmed_static_data,0x2440: bank 2 targets current-character FLuxMoveBank bucket 2
030,Amy,forward_step_candidate,2041,2,1675,0x2440,030,Amy,True,1491,resolved_move_bucket,confirmed_static_data,0x2440: bank 2 targets current-character FLuxMoveBank bucket 2
030,Amy,backstep_candidate,2042,2,2344,0x26DD,030,Amy,True,1254,resolved_move_bucket,confirmed_static_data,0x26DD: bank 2 targets current-character FLuxMoveBank bucket 2
030,Amy,forward_step_candidate,2042,2,2344,0x26DD,030,Amy,True,1254,resolved_move_bucket,confirmed_static_data,0x26DD: bank 2 targets current-character FLuxMoveBank bucket 2
030,Amy,backstep_candidate,2175,2,2350,0x26E3,030,Amy,True,15DF,resolved_move_bucket,confirmed_static_data,0x26E3: bank 2 targets current-character FLuxMoveBank bucket 2
030,Amy,forward_step_candidate,2175,2,2350,0x26E3,030,Amy,True,15DF,resolved_move_bucket,confirmed_static_data,0x26E3: bank 2 targets current-character FLuxMoveBank bucket 2
030,Amy,backstep_candidate,2177,2,2350,0x26E3,030,Amy,True,15DF,resolved_move_bucket,confirmed_static_data,0x26E3: bank 2 targets current-character FLuxMoveBank bucket 2
030,Amy,forward_step_candidate,2177,2,2350,0x26E3,030,Amy,True,15DF,resolved_move_bucket,confirmed_static_data,0x26E3: bank 2 targets current-character FLuxMoveBank bucket 2
030,Amy,backstep_candidate,2231,2,2353,0x26E6,030,Amy,True,1168,resolved_move_bucket,confirmed_static_data,0x26E6: bank 2 targets current-character FLuxMoveBank bucket 2
030,Amy,forward_step_candidate,2232,2,2353,0x26E6,030,Amy,True,1168,resolved_move_bucket,confirmed_static_data,0x26E6: bank 2 targets current-character FLuxMoveBank bucket 2
030,Amy,backstep_candidate,2270,2,2355,0x26E8,030,Amy,True,1251,resolved_move_bucket,confirmed_static_data,0x26E8: bank 2 targets current-character FLuxMoveBank bucket 2
030,Amy,forward_step_candidate,2272,2,2355,0x26E8,030,Amy,True,1251,resolved_move_bucket,confirmed_static_data,0x26E8: bank 2 targets current-character FLuxMoveBank bucket 2
060,2B,sidestep_down_candidate,1626,2,1606,0x2384,060,2B,True,0453,resolved_move_bucket,confirmed_static_data,0x2384: bank 2 targets current-character FLuxMoveBank bucket 2
060,2B,backstep_candidate,2160,2,1794,0x2440,060,2B,True,1491,resolved_move_bucket,confirmed_static_data,0x2440: bank 2 targets current-character FLuxMoveBank bucket 2
060,2B,forward_step_candidate,2160,2,1794,0x2440,060,2B,True,1491,resolved_move_bucket,confirmed_static_data,0x2440: bank 2 targets current-character FLuxMoveBank bucket 2
060,2B,backstep_candidate,2161,2,2463,0x26DD,060,2B,True,1254,resolved_move_bucket,confirmed_static_data,0x26DD: bank 2 targets current-character FLuxMoveBank bucket 2
060,2B,forward_step_candidate,2161,2,2463,0x26DD,060,2B,True,1254,resolved_move_bucket,confirmed_static_data,0x26DD: bank 2 targets current-character FLuxMoveBank bucket 2
060,2B,backstep_candidate,2294,2,2469,0x26E3,060,2B,True,15DF,resolved_move_bucket,confirmed_static_data,0x26E3: bank 2 targets current-character FLuxMoveBank bucket 2
060,2B,forward_step_candidate,2294,2,2469,0x26E3,060,2B,True,15DF,resolved_move_bucket,confirmed_static_data,0x26E3: bank 2 targets current-character FLuxMoveBank bucket 2
060,2B,backstep_candidate,2296,2,2469,0x26E3,060,2B,True,15DF,resolved_move_bucket,confirmed_static_data,0x26E3: bank 2 targets current-character FLuxMoveBank bucket 2
060,2B,forward_step_candidate,2296,2,2469,0x26E3,060,2B,True,15DF,resolved_move_bucket,confirmed_static_data,0x26E3: bank 2 targets current-character FLuxMoveBank bucket 2
060,2B,backstep_candidate,2350,2,2472,0x26E6,060,2B,True,1168,resolved_move_bucket,confirmed_static_data,0x26E6: bank 2 targets current-character FLuxMoveBank bucket 2
060,2B,forward_step_candidate,2351,2,2472,0x26E6,060,2B,True,1168,resolved_move_bucket,confirmed_static_data,0x26E6: bank 2 targets current-character FLuxMoveBank bucket 2
060,2B,backstep_candidate,2389,2,2474,0x26E8,060,2B,True,1251,resolved_move_bucket,confirmed_static_data,0x26E8: bank 2 targets current-character FLuxMoveBank bucket 2
060,2B,forward_step_candidate,2391,2,2474,0x26E8,060,2B,True,1251,resolved_move_bucket,confirmed_static_data,0x26E8: bank 2 targets current-character FLuxMoveBank bucket 2
061,Haohmaru,sidestep_down_candidate,1658,2,1638,0x241D,061,Haohmaru,True,0064,resolved_move_bucket,confirmed_static_data,0x241D: bank 2 targets current-character FLuxMoveBank bucket 2
061,Haohmaru,backstep_candidate,2263,2,1863,0x24FE,061,Haohmaru,True,1491,resolved_move_bucket,confirmed_static_data,0x24FE: bank 2 targets current-character FLuxMoveBank bucket 2
061,Haohmaru,forward_step_candidate,2263,2,1863,0x24FE,061,Haohmaru,True,1491,resolved_move_bucket,confirmed_static_data,0x24FE: bank 2 targets current-character FLuxMoveBank bucket 2
061,Haohmaru,backstep_candidate,2264,2,2461,0x2754,061,Haohmaru,True,1254,resolved_move_bucket,confirmed_static_data,0x2754: bank 2 targets current-character FLuxMoveBank bucket 2
061,Haohmaru,forward_step_candidate,2264,2,2461,0x2754,061,Haohmaru,True,1254,resolved_move_bucket,confirmed_static_data,0x2754: bank 2 targets current-character FLuxMoveBank bucket 2
062,Groh,sidestep_down_candidate,1390,2,1370,0x2384,062,Groh,True,023C,resolved_move_bucket,confirmed_static_data,0x2384: bank 2 targets current-character FLuxMoveBank bucket 2
062,Groh,backstep_candidate,1924,2,1558,0x2440,062,Groh,True,1491,resolved_move_bucket,confirmed_static_data,0x2440: bank 2 targets current-character FLuxMoveBank bucket 2
062,Groh,forward_step_candidate,1924,2,1558,0x2440,062,Groh,True,1491,resolved_move_bucket,confirmed_static_data,0x2440: bank 2 targets current-character FLuxMoveBank bucket 2
062,Groh,backstep_candidate,1925,2,2227,0x26DD,062,Groh,True,1254,resolved_move_bucket,confirmed_static_data,0x26DD: bank 2 targets current-character FLuxMoveBank bucket 2
062,Groh,forward_step_candidate,1925,2,2227,0x26DD,062,Groh,True,1254,resolved_move_bucket,confirmed_static_data,0x26DD: bank 2 targets current-character FLuxMoveBank bucket 2
062,Groh,backstep_candidate,2058,2,2233,0x26E3,062,Groh,True,15DF,resolved_move_bucket,confirmed_static_data,0x26E3: bank 2 targets current-character FLuxMoveBank bucket 2
062,Groh,forward_step_candidate,2058,2,2233,0x26E3,062,Groh,True,15DF,resolved_move_bucket,confirmed_static_data,0x26E3: bank 2 targets current-character FLuxMoveBank bucket 2
062,Groh,backstep_candidate,2060,2,2233,0x26E3,062,Groh,True,15DF,resolved_move_bucket,confirmed_static_data,0x26E3: bank 2 targets current-character FLuxMoveBank bucket 2
062,Groh,forward_step_candidate,2060,2,2233,0x26E3,062,Groh,True,15DF,resolved_move_bucket,confirmed_static_data,0x26E3: bank 2 targets current-character FLuxMoveBank bucket 2
062,Groh,backstep_candidate,2114,2,2236,0x26E6,062,Groh,True,1168,resolved_move_bucket,confirmed_static_data,0x26E6: bank 2 targets current-character FLuxMoveBank bucket 2
062,Groh,forward_step_candidate,2115,2,2236,0x26E6,062,Groh,True,1168,resolved_move_bucket,confirmed_static_data,0x26E6: bank 2 targets current-character FLuxMoveBank bucket 2
062,Groh,backstep_candidate,2153,2,2238,0x26E8,062,Groh,True,1251,resolved_move_bucket,confirmed_static_data,0x26E8: bank 2 targets current-character FLuxMoveBank bucket 2
062,Groh,forward_step_candidate,2155,2,2238,0x26E8,062,Groh,True,1251,resolved_move_bucket,confirmed_static_data,0x26E8: bank 2 targets current-character FLuxMoveBank bucket 2
064,Azwel,sidestep_down_candidate,1496,2,1476,0x2384,064,Azwel,True,005C,resolved_move_bucket,confirmed_static_data,0x2384: bank 2 targets current-character FLuxMoveBank bucket 2
064,Azwel,backstep_candidate,2030,2,1664,0x2440,064,Azwel,True,1491,resolved_move_bucket,confirmed_static_data,0x2440: bank 2 targets current-character FLuxMoveBank bucket 2
064,Azwel,forward_step_candidate,2030,2,1664,0x2440,064,Azwel,True,1491,resolved_move_bucket,confirmed_static_data,0x2440: bank 2 targets current-character FLuxMoveBank bucket 2
064,Azwel,backstep_candidate,2031,2,2333,0x26DD,064,Azwel,True,1254,resolved_move_bucket,confirmed_static_data,0x26DD: bank 2 targets current-character FLuxMoveBank bucket 2
064,Azwel,forward_step_candidate,2031,2,2333,0x26DD,064,Azwel,True,1254,resolved_move_bucket,confirmed_static_data,0x26DD: bank 2 targets current-character FLuxMoveBank bucket 2
064,Azwel,backstep_candidate,2164,2,2339,0x26E3,064,Azwel,True,15DF,resolved_move_bucket,confirmed_static_data,0x26E3: bank 2 targets current-character FLuxMoveBank bucket 2
064,Azwel,forward_step_candidate,2164,2,2339,0x26E3,064,Azwel,True,15DF,resolved_move_bucket,confirmed_static_data,0x26E3: bank 2 targets current-character FLuxMoveBank bucket 2
064,Azwel,backstep_candidate,2166,2,2339,0x26E3,064,Azwel,True,15DF,resolved_move_bucket,confirmed_static_data,0x26E3: bank 2 targets current-character FLuxMoveBank bucket 2
064,Azwel,forward_step_candidate,2166,2,2339,0x26E3,064,Azwel,True,15DF,resolved_move_bucket,confirmed_static_data,0x26E3: bank 2 targets current-character FLuxMoveBank bucket 2
064,Azwel,backstep_candidate,2220,2,2342,0x26E6,064,Azwel,True,1168,resolved_move_bucket,confirmed_static_data,0x26E6: bank 2 targets current-character FLuxMoveBank bucket 2
064,Azwel,forward_step_candidate,2221,2,2342,0x26E6,064,Azwel,True,1168,resolved_move_bucket,confirmed_static_data,0x26E6: bank 2 targets current-character FLuxMoveBank bucket 2
064,Azwel,backstep_candidate,2259,2,2344,0x26E8,064,Azwel,True,1251,resolved_move_bucket,confirmed_static_data,0x26E8: bank 2 targets current-character FLuxMoveBank bucket 2
064,Azwel,forward_step_candidate,2261,2,2344,0x26E8,064,Azwel,True,1251,resolved_move_bucket,confirmed_static_data,0x26E8: bank 2 targets current-character FLuxMoveBank bucket 2
065,Geralt,sidestep_down_candidate,1381,2,1361,0x2384,065,Geralt,True,0390,resolved_move_bucket,confirmed_static_data,0x2384: bank 2 targets current-character FLuxMoveBank bucket 2
065,Geralt,backstep_candidate,1915,2,1549,0x2440,065,Geralt,True,1491,resolved_move_bucket,confirmed_static_data,0x2440: bank 2 targets current-character FLuxMoveBank bucket 2
065,Geralt,forward_step_candidate,1915,2,1549,0x2440,065,Geralt,True,1491,resolved_move_bucket,confirmed_static_data,0x2440: bank 2 targets current-character FLuxMoveBank bucket 2
065,Geralt,backstep_candidate,1916,2,2218,0x26DD,065,Geralt,True,1254,resolved_move_bucket,confirmed_static_data,0x26DD: bank 2 targets current-character FLuxMoveBank bucket 2
065,Geralt,forward_step_candidate,1916,2,2218,0x26DD,065,Geralt,True,1254,resolved_move_bucket,confirmed_static_data,0x26DD: bank 2 targets current-character FLuxMoveBank bucket 2
065,Geralt,backstep_candidate,2049,2,2224,0x26E3,065,Geralt,True,15DF,resolved_move_bucket,confirmed_static_data,0x26E3: bank 2 targets current-character FLuxMoveBank bucket 2
065,Geralt,forward_step_candidate,2049,2,2224,0x26E3,065,Geralt,True,15DF,resolved_move_bucket,confirmed_static_data,0x26E3: bank 2 targets current-character FLuxMoveBank bucket 2
065,Geralt,backstep_candidate,2051,2,2224,0x26E3,065,Geralt,True,15DF,resolved_move_bucket,confirmed_static_data,0x26E3: bank 2 targets current-character FLuxMoveBank bucket 2
065,Geralt,forward_step_candidate,2051,2,2224,0x26E3,065,Geralt,True,15DF,resolved_move_bucket,confirmed_static_data,0x26E3: bank 2 targets current-character FLuxMoveBank bucket 2
065,Geralt,backstep_candidate,2105,2,2227,0x26E6,065,Geralt,True,1168,resolved_move_bucket,confirmed_static_data,0x26E6: bank 2 targets current-character FLuxMoveBank bucket 2
065,Geralt,forward_step_candidate,2106,2,2227,0x26E6,065,Geralt,True,1168,resolved_move_bucket,confirmed_static_data,0x26E6: bank 2 targets current-character FLuxMoveBank bucket 2
065,Geralt,backstep_candidate,2144,2,2229,0x26E8,065,Geralt,True,1251,resolved_move_bucket,confirmed_static_data,0x26E8: bank 2 targets current-character FLuxMoveBank bucket 2
065,Geralt,forward_step_candidate,2146,2,2229,0x26E8,065,Geralt,True,1251,resolved_move_bucket,confirmed_static_data,0x26E8: bank 2 targets current-character FLuxMoveBank bucket 2
066,Unknown (cid 066),sidestep_down_candidate,1336,2,1316,0x2384,066,Unknown (cid 066),True,0057,resolved_move_bucket,confirmed_static_data,0x2384: bank 2 targets current-character FLuxMoveBank bucket 2
066,Unknown (cid 066),backstep_candidate,1870,2,1504,0x2440,066,Unknown (cid 066),True,1491,resolved_move_bucket,confirmed_static_data,0x2440: bank 2 targets current-character FLuxMoveBank bucket 2
066,Unknown (cid 066),forward_step_candidate,1870,2,1504,0x2440,066,Unknown (cid 066),True,1491,resolved_move_bucket,confirmed_static_data,0x2440: bank 2 targets current-character FLuxMoveBank bucket 2
066,Unknown (cid 066),backstep_candidate,1871,2,2173,0x26DD,066,Unknown (cid 066),True,1254,resolved_move_bucket,confirmed_static_data,0x26DD: bank 2 targets current-character FLuxMoveBank bucket 2
066,Unknown (cid 066),forward_step_candidate,1871,2,2173,0x26DD,066,Unknown (cid 066),True,1254,resolved_move_bucket,confirmed_static_data,0x26DD: bank 2 targets current-character FLuxMoveBank bucket 2
066,Unknown (cid 066),backstep_candidate,2004,2,2179,0x26E3,066,Unknown (cid 066),True,15DF,resolved_move_bucket,confirmed_static_data,0x26E3: bank 2 targets current-character FLuxMoveBank bucket 2
066,Unknown (cid 066),forward_step_candidate,2004,2,2179,0x26E3,066,Unknown (cid 066),True,15DF,resolved_move_bucket,confirmed_static_data,0x26E3: bank 2 targets current-character FLuxMoveBank bucket 2
066,Unknown (cid 066),backstep_candidate,2006,2,2179,0x26E3,066,Unknown (cid 066),True,15DF,resolved_move_bucket,confirmed_static_data,0x26E3: bank 2 targets current-character FLuxMoveBank bucket 2
066,Unknown (cid 066),forward_step_candidate,2006,2,2179,0x26E3,066,Unknown (cid 066),True,15DF,resolved_move_bucket,confirmed_static_data,0x26E3: bank 2 targets current-character FLuxMoveBank bucket 2
066,Unknown (cid 066),backstep_candidate,2060,2,2182,0x26E6,066,Unknown (cid 066),True,1168,resolved_move_bucket,confirmed_static_data,0x26E6: bank 2 targets current-character FLuxMoveBank bucket 2
066,Unknown (cid 066),forward_step_candidate,2061,2,2182,0x26E6,066,Unknown (cid 066),True,1168,resolved_move_bucket,confirmed_static_data,0x26E6: bank 2 targets current-character FLuxMoveBank bucket 2
066,Unknown (cid 066),backstep_candidate,2099,2,2184,0x26E8,066,Unknown (cid 066),True,1251,resolved_move_bucket,confirmed_static_data,0x26E8: bank 2 targets current-character FLuxMoveBank bucket 2
066,Unknown (cid 066),forward_step_candidate,2101,2,2184,0x26E8,066,Unknown (cid 066),True,1251,resolved_move_bucket,confirmed_static_data,0x26E8: bank 2 targets current-character FLuxMoveBank bucket 2
