cid,character,movement_type,trust_status,src_slot,dst_slot,animation_hex,distance_f4,distance_f8,distance_f12,distance_f16,total_distance,earliest_return_or_guard_frame,earliest_attack_cancel_frame,earliest_stance_return_frame,earliest_unresolved_recovery_frame,recovery_trust_status,recovery_trust_confidence,target_character,target_bank_kind,route_resolution_status,trust_score,trust_reason,recovery_status,caveat
001,Mitsurugi,back_diagonal,unresolved,,,,,,,,,,,,,unknown_no_static_route,unknown,,unknown,unresolved_no_route,0,no direction-gated route found for this movement type,unknown_no_static_route,no direction-gated route found for this movement type
001,Mitsurugi,backstep_candidate,trusted_basic,261,263,028F,0.027000001282431185,0.04800000227987766,0.12700000603217632,0.16700000793207437,0.18000000854954123,,,,,unknown_from_static_bytecode,unknown,Mitsurugi,local,resolved_local,205,direct movement predicate; same-bank route; root motion decoded; source is neutral-like; no active offensive cells on destination slot,unknown_from_static_bytecode,
001,Mitsurugi,eight_way_or_ambiguous,trusted_basic,161,164,0204,0.47376156589745266,0.6400351856844965,0.7965651638603003,0.920091886943767,0.9720185645105169,,,,,unknown_from_static_bytecode,unknown,Mitsurugi,local,resolved_local,182,direct movement predicate; same-bank route; root motion decoded; source is neutral-like; no active offensive cells on destination slot,unknown_from_static_bytecode,
001,Mitsurugi,forward_diagonal,trusted_basic,406,427,01A1,0.04767599202872887,0.15867262647251643,0.35707703946379743,0.6430560156645672,0.7501800140368194,,,,,unknown_from_static_bytecode,unknown,Mitsurugi,local,resolved_local,198,direct movement predicate; same-bank route; root motion decoded; source is neutral-like; no active offensive cells on destination slot,unknown_from_static_bytecode,
001,Mitsurugi,forward_step_candidate,trusted_basic,363,366,01D5,0.04600000218488276,0.06000000284984708,0.042000001994892955,0.028000001329928637,0.27800001320429146,,,,,unknown_from_static_bytecode,unknown,Mitsurugi,local,resolved_local,205,direct movement predicate; same-bank route; root motion decoded; source is neutral-like; no active offensive cells on destination slot,unknown_from_static_bytecode,
001,Mitsurugi,sidestep_down_candidate,trusted_basic,406,428,01AF,0.17200000816956162,0.1910000090720132,0.1970000093569979,0.19000000902451575,0.1970000093569979,,,,,unknown_from_static_bytecode,unknown,Mitsurugi,local,resolved_local,205,direct movement predicate; same-bank route; root motion decoded; source is neutral-like; no active offensive cells on destination slot,unknown_from_static_bytecode,
001,Mitsurugi,sidestep_up_candidate,unresolved,406,423,0316,0.041000001947395504,0.013000000617466867,0.0370000017574057,0.05400000256486237,,,,,,unknown_from_static_bytecode,unknown,Mitsurugi,local,resolved_local,155,offensive cells exist and no static return/recovery frame is known,unknown_from_static_bytecode,offensive cells exist and no static return/recovery frame is known
002,Seong Mi-na,back_diagonal,unresolved,,,,,,,,,,,,,unknown_no_static_route,unknown,,unknown,unresolved_no_route,0,no direction-gated route found for this movement type,unknown_no_static_route,no direction-gated route found for this movement type
002,Seong Mi-na,backstep_candidate,unresolved,258,259,00FE,0.18400000873953104,0.452000021468848,0.7130000338656828,0.9180000436026603,,,,,,unknown_from_static_bytecode,unknown,Seong Mi-na,local,resolved_local,155,offensive cells exist and no static return/recovery frame is known,unknown_from_static_bytecode,offensive cells exist and no static return/recovery frame is known
002,Seong Mi-na,eight_way_or_ambiguous,trusted_basic,161,164,00F2,0.33400001586414874,0.5590000265510753,0.740000035148114,0.8720000414177775,0.9730000462150201,,,,,unknown_from_static_bytecode,unknown,Seong Mi-na,local,resolved_local,182,direct movement predicate; same-bank route; root motion decoded; source is neutral-like; no active offensive cells on destination slot,unknown_from_static_bytecode,
002,Seong Mi-na,forward_diagonal,unresolved,392,393,02EE,0.06113100976587872,0.11992081289801919,0.1621141650089871,0.33811981731376306,,,,,,unknown_from_static_bytecode,unknown,Seong Mi-na,local,resolved_local,148,offensive cells exist and no static return/recovery frame is known,unknown_from_static_bytecode,offensive cells exist and no static return/recovery frame is known
002,Seong Mi-na,forward_step_candidate,unresolved,258,260,0006,0.08800000417977571,0.12400000588968396,0.1560000074096024,0.22500001068692654,,,,,,unknown_from_static_bytecode,unknown,Seong Mi-na,local,resolved_local,155,offensive cells exist and no static return/recovery frame is known,unknown_from_static_bytecode,offensive cells exist and no static return/recovery frame is known
002,Seong Mi-na,sidestep_down_candidate,trusted_basic,358,360,016F,0.0020000000949949026,0.007000000332482159,0.03600000170990825,0.07300000346731395,0.4420000209938735,,,,,unknown_from_static_bytecode,unknown,Seong Mi-na,local,resolved_local,205,direct movement predicate; same-bank route; root motion decoded; source is neutral-like; no active offensive cells on destination slot,unknown_from_static_bytecode,
002,Seong Mi-na,sidestep_up_candidate,unresolved,383,384,002D,0.0,0.0,0.0,0.0,,,,,,unknown_from_static_bytecode,unknown,Seong Mi-na,local,resolved_local,155,offensive cells exist and no static return/recovery frame is known,unknown_from_static_bytecode,offensive cells exist and no static return/recovery frame is known
003,Taki,back_diagonal,trusted_basic,486,493,01A8,0.144000006839633,0.3180000151041895,0.44500002113636583,0.4870000231312588,0.49200002336874604,,,,,unknown_from_static_bytecode,unknown,Taki,local,resolved_local,198,direct movement predicate; same-bank route; root motion decoded; source is neutral-like; no active offensive cells on destination slot,unknown_from_static_bytecode,
003,Taki,backstep_candidate,unresolved,273,274,01AC,0.1110000052722171,0.25800001225434244,0.4150000197114423,0.6350000301608816,,,,,,unknown_from_static_bytecode,unknown,Taki,local,resolved_local,155,offensive cells exist and no static return/recovery frame is known,unknown_from_static_bytecode,offensive cells exist and no static return/recovery frame is known
003,Taki,eight_way_or_ambiguous,measured_but_not_basic,161,164,0139,0.3650000173365697,0.6580007911313397,0.9150137045610214,1.1000655048484678,,,,,,unknown_from_static_bytecode,unknown,Taki,local,resolved_local,132,source is not proven neutral or stance-root basic movement,unknown_from_static_bytecode,source is not proven neutral or stance-root basic movement
003,Taki,forward_diagonal,trusted_basic,327,329,0264,0.26600001263432205,0.6260000297334045,1.02800004882738,1.4110000670189038,2.632000125013292,,,,,unknown_from_static_bytecode,unknown,Taki,local,resolved_local,198,direct movement predicate; same-bank route; root motion decoded; source is neutral-like; no active offensive cells on destination slot,unknown_from_static_bytecode,
003,Taki,forward_step_candidate,unresolved,273,277,01B9,0.03300000156741589,0.10300000489223748,0.25800001225434244,0.44700002123136073,,,,,,unknown_from_static_bytecode,unknown,Taki,local,resolved_local,155,offensive cells exist and no static return/recovery frame is known,unknown_from_static_bytecode,offensive cells exist and no static return/recovery frame is known
003,Taki,sidestep_down_candidate,trusted_basic,316,447,0145,0.007000000332482159,0.021000000997446477,0.0390000018524006,0.05600000265985727,0.0800000037997961,,,,,unknown_from_static_bytecode,unknown,Taki,local,resolved_local,205,direct movement predicate; same-bank route; root motion decoded; source is neutral-like; no active offensive cells on destination slot,unknown_from_static_bytecode,
003,Taki,sidestep_up_candidate,unresolved,284,285,0210,0.0720000034198165,0.007000000332482159,0.09800000465475023,0.16300000774208456,,,,,,unknown_from_static_bytecode,unknown,Taki,local,resolved_local,155,offensive cells exist and no static return/recovery frame is known,unknown_from_static_bytecode,offensive cells exist and no static return/recovery frame is known
004,Maxi,back_diagonal,unresolved,324,333,00F1,0.1540000073146075,0.2810000133467838,0.3990012720824068,0.5090039534343077,,,,,,unknown_from_static_bytecode,unknown,Maxi,local,resolved_local,148,offensive cells exist and no static return/recovery frame is known,unknown_from_static_bytecode,offensive cells exist and no static return/recovery frame is known
004,Maxi,backstep_candidate,trusted_basic,266,267,0283,0.04800000227987766,0.06600000313483179,0.025000001187436283,0.011000000522471964,0.06900000327732414,,,,,unknown_from_static_bytecode,unknown,Maxi,local,resolved_local,205,direct movement predicate; same-bank route; root motion decoded; source is neutral-like; no active offensive cells on destination slot,unknown_from_static_bytecode,
004,Maxi,eight_way_or_ambiguous,trusted_basic,161,164,00D7,0.12264176054190662,0.2546625338770989,0.40478761785064543,0.5321353464105887,0.6690000317757949,,,,,unknown_from_static_bytecode,unknown,Maxi,local,resolved_local,182,direct movement predicate; same-bank route; root motion decoded; source is neutral-like; no active offensive cells on destination slot,unknown_from_static_bytecode,
004,Maxi,forward_diagonal,unresolved,344,345,009A,0.11400000541470945,0.1170000055572018,0.06400000303983688,0.10500000498723239,,,,,,unknown_from_static_bytecode,unknown,Maxi,local,resolved_local,148,offensive cells exist and no static return/recovery frame is known,unknown_from_static_bytecode,offensive cells exist and no static return/recovery frame is known
004,Maxi,forward_step_candidate,unresolved,264,265,00FB,0.0,0.0,0.0,0.0,,,,,,unknown_from_static_bytecode,unknown,Maxi,local,resolved_local,155,offensive cells exist and no static return/recovery frame is known,unknown_from_static_bytecode,offensive cells exist and no static return/recovery frame is known
004,Maxi,sidestep_down_candidate,trusted_basic,257,259,0066,0.0020000000949949026,0.00800000037997961,0.01500000071246177,0.02300000109244138,0.04000000189989805,,,,,unknown_from_static_bytecode,unknown,Maxi,local,resolved_local,205,direct movement predicate; same-bank route; root motion decoded; source is neutral-like; no active offensive cells on destination slot,unknown_from_static_bytecode,
004,Maxi,sidestep_up_candidate,unresolved,298,302,0064,0.00800000037997961,0.020000000949949026,0.08500000403728336,0.1870000088820234,,,,,,unknown_from_static_bytecode,unknown,Maxi,local,resolved_local,155,offensive cells exist and no static return/recovery frame is known,unknown_from_static_bytecode,offensive cells exist and no static return/recovery frame is known
005,Voldo,back_diagonal,measured_but_not_basic,488,504,0307,0.0,0.0,0.0,0.0,,,,,,unknown_from_static_bytecode,unknown,Voldo,local,resolved_local,148,source is not proven neutral or stance-root basic movement,unknown_from_static_bytecode,source is not proven neutral or stance-root basic movement
005,Voldo,backstep_candidate,unresolved,256,257,00F7,0.07300000346731395,0.24800001177936792,0.6130000291159377,1.110000052722171,,,,,,unknown_from_static_bytecode,unknown,Voldo,local,resolved_local,155,offensive cells exist and no static return/recovery frame is known,unknown_from_static_bytecode,offensive cells exist and no static return/recovery frame is known
005,Voldo,eight_way_or_ambiguous,trusted_basic,161,164,00E7,0.07100000337231904,0.11600000550970435,0.16800000797957182,0.2220000105444342,0.43200002051889896,,,,,unknown_from_static_bytecode,unknown,Voldo,local,resolved_local,182,direct movement predicate; same-bank route; root motion decoded; source is neutral-like; no active offensive cells on destination slot,unknown_from_static_bytecode,
005,Voldo,forward_diagonal,trusted_basic,3038,554,02B3,0.2149814047548753,0.4362316105893066,0.6112094857640149,0.7164586860120544,1.1070000525796786,,,,,unknown_from_static_bytecode,unknown,Voldo,local,resolved_local,198,direct movement predicate; same-bank route; root motion decoded; source is neutral-like; no active offensive cells on destination slot,unknown_from_static_bytecode,
005,Voldo,forward_step_candidate,trusted_basic,287,289,021E,0.019000000902451575,0.06600000313483179,0.17400000826455653,0.35200001671910286,1.74600008293055,,,,,unknown_from_static_bytecode,unknown,Voldo,local,resolved_local,205,direct movement predicate; same-bank route; root motion decoded; source is neutral-like; no active offensive cells on destination slot,unknown_from_static_bytecode,
005,Voldo,sidestep_down_candidate,trusted_basic,256,262,004A,0.0050000002374872565,0.01500000071246177,0.026000001234933734,0.03800000180490315,0.05900000280234963,,,,,unknown_from_static_bytecode,unknown,Voldo,local,resolved_local,205,direct movement predicate; same-bank route; root motion decoded; source is neutral-like; no active offensive cells on destination slot,unknown_from_static_bytecode,
005,Voldo,sidestep_up_candidate,trusted_basic,354,355,01D7,0.0,0.0,0.0,0.0,0.0,,,,,unknown_from_static_bytecode,unknown,Voldo,local,resolved_local,205,direct movement predicate; same-bank route; root motion decoded; source is neutral-like; no active offensive cells on destination slot,unknown_from_static_bytecode,
006,Sophitia,back_diagonal,unresolved,,,,,,,,,,,,,unknown_no_static_route,unknown,,unknown,unresolved_no_route,0,no direction-gated route found for this movement type,unknown_no_static_route,no direction-gated route found for this movement type
006,Sophitia,backstep_candidate,trusted_basic,259,260,015D,0.006000000284984708,0.5020000238437206,0.9430000447900966,1.1850000562844798,1.5260000724811107,,,,,unknown_from_static_bytecode,unknown,Sophitia,local,resolved_local,205,direct movement predicate; same-bank route; root motion decoded; source is neutral-like; no active offensive cells on destination slot,unknown_from_static_bytecode,
006,Sophitia,eight_way_or_ambiguous,trusted_basic,161,164,00D0,0.3143405945569973,0.5745015503488727,0.8162212097754018,1.019159015399355,1.2090500977477079,,,,,unknown_from_static_bytecode,unknown,Sophitia,local,resolved_local,182,direct movement predicate; same-bank route; root motion decoded; source is neutral-like; no active offensive cells on destination slot,unknown_from_static_bytecode,
006,Sophitia,forward_diagonal,unresolved,,,,,,,,,,,,,unknown_no_static_route,unknown,,unknown,unresolved_no_route,0,no direction-gated route found for this movement type,unknown_no_static_route,no direction-gated route found for this movement type
006,Sophitia,forward_step_candidate,trusted_basic,259,260,015D,0.006000000284984708,0.5020000238437206,0.9430000447900966,1.1850000562844798,1.5260000724811107,,,,,unknown_from_static_bytecode,unknown,Sophitia,local,resolved_local,205,direct movement predicate; same-bank route; root motion decoded; source is neutral-like; no active offensive cells on destination slot,unknown_from_static_bytecode,
006,Sophitia,sidestep_down_candidate,trusted_basic,257,262,012D,0.0020000000949949026,0.00800000037997961,0.01500000071246177,0.02200000104494393,0.04000000189989805,,,,,unknown_from_static_bytecode,unknown,Sophitia,local,resolved_local,205,direct movement predicate; same-bank route; root motion decoded; source is neutral-like; no active offensive cells on destination slot,unknown_from_static_bytecode,
006,Sophitia,sidestep_up_candidate,trusted_basic,259,260,015D,0.08700000413227826,0.08900000422727317,0.09000000427477062,0.07700000365730375,0.09000000427477062,,,,,unknown_from_static_bytecode,unknown,Sophitia,local,resolved_local,205,direct movement predicate; same-bank route; root motion decoded; source is neutral-like; no active offensive cells on destination slot,unknown_from_static_bytecode,
007,Siegfried,back_diagonal,unresolved,,,,,,,,,,,,,unknown_no_static_route,unknown,,unknown,unresolved_no_route,0,no direction-gated route found for this movement type,unknown_no_static_route,no direction-gated route found for this movement type
007,Siegfried,backstep_candidate,trusted_basic,257,258,00CC,0.026000001234933734,0.10400000493973494,0.23100001097191125,0.39900001895148307,0.8190000389004126,,,,,unknown_from_static_bytecode,unknown,Siegfried,local,resolved_local,205,direct movement predicate; same-bank route; root motion decoded; source is neutral-like; no active offensive cells on destination slot,unknown_from_static_bytecode,
007,Siegfried,eight_way_or_ambiguous,trusted_basic,161,164,006F,0.13852076314676523,0.2862516511461244,0.4110109682812483,0.5031202878497947,0.5612210169981611,,,,,unknown_from_static_bytecode,unknown,Siegfried,local,resolved_local,182,direct movement predicate; same-bank route; root motion decoded; source is neutral-like; no active offensive cells on destination slot,unknown_from_static_bytecode,
007,Siegfried,forward_diagonal,unresolved,,,,,,,,,,,,,unknown_no_static_route,unknown,,unknown,unresolved_no_route,0,no direction-gated route found for this movement type,unknown_no_static_route,no direction-gated route found for this movement type
007,Siegfried,forward_step_candidate,trusted_basic,290,292,018D,0.06000000284984708,0.06500000308733433,0.08600000408478081,0.13600000645965338,0.5000000237487257,,,,,unknown_from_static_bytecode,unknown,Siegfried,local,resolved_local,205,direct movement predicate; same-bank route; root motion decoded; source is neutral-like; no active offensive cells on destination slot,unknown_from_static_bytecode,
007,Siegfried,sidestep_down_candidate,trusted_basic,385,386,0213,0.0,0.0,0.0,0.0,0.0,,,,,unknown_from_static_bytecode,unknown,Siegfried,local,resolved_local,205,direct movement predicate; same-bank route; root motion decoded; source is neutral-like; no active offensive cells on destination slot,unknown_from_static_bytecode,
007,Siegfried,sidestep_up_candidate,unresolved,2941,520,0131,0.0,0.0,0.0,0.0,,,,,,unknown_from_static_bytecode,unknown,Siegfried,local,resolved_local,155,offensive cells exist and no static return/recovery frame is known,unknown_from_static_bytecode,offensive cells exist and no static return/recovery frame is known
009,Hwang,back_diagonal,measured_but_not_basic,459,518,02A0,0.0,0.0,0.0,0.0,,,,,,unknown_from_static_bytecode,unknown,Hwang,local,resolved_local,148,source is not proven neutral or stance-root basic movement,unknown_from_static_bytecode,source is not proven neutral or stance-root basic movement
009,Hwang,backstep_candidate,trusted_basic,265,469,02E1,0.027000001282431185,0.09000000427477062,0.18800000892952085,0.2670000126818195,0.29700001410674304,,,,,unknown_from_static_bytecode,unknown,Hwang,local,resolved_local,205,direct movement predicate; same-bank route; root motion decoded; source is neutral-like; no active offensive cells on destination slot,unknown_from_static_bytecode,
009,Hwang,eight_way_or_ambiguous,trusted_basic,350,470,02E1,0.036124785452212045,0.12657409498753436,0.19087431325599935,0.2680764943571309,0.29767265312319763,,,,,unknown_from_static_bytecode,unknown,Hwang,local,resolved_local,182,direct movement predicate; same-bank route; root motion decoded; source is neutral-like; no active offensive cells on destination slot,unknown_from_static_bytecode,
009,Hwang,forward_diagonal,unresolved,447,448,02DE,0.33400001586414874,0.5110000242711976,0.8030000381404534,1.1360000539571047,,,,,,unknown_from_static_bytecode,unknown,Hwang,local,resolved_local,148,offensive cells exist and no static return/recovery frame is known,unknown_from_static_bytecode,offensive cells exist and no static return/recovery frame is known
009,Hwang,forward_step_candidate,trusted_basic,372,373,01A3,0.0020000000949949026,0.007000000332482159,0.03000000142492354,0.05400000256486237,0.0780000037048012,,,,,unknown_from_static_bytecode,unknown,Hwang,local,resolved_local,205,direct movement predicate; same-bank route; root motion decoded; source is neutral-like; no active offensive cells on destination slot,unknown_from_static_bytecode,
009,Hwang,sidestep_down_candidate,trusted_basic,517,519,02A0,0.0,0.0,0.0,0.0,0.0,,,,,unknown_from_static_bytecode,unknown,Hwang,local,resolved_local,205,direct movement predicate; same-bank route; root motion decoded; source is neutral-like; no active offensive cells on destination slot,unknown_from_static_bytecode,
009,Hwang,sidestep_up_candidate,trusted_basic,426,473,02E1,0.02400000113993883,0.08900000422727317,0.03300000156741589,0.02400000113993883,0.12800000607967377,,,,,unknown_from_static_bytecode,unknown,Hwang,local,resolved_local,205,direct movement predicate; same-bank route; root motion decoded; source is neutral-like; no active offensive cells on destination slot,unknown_from_static_bytecode,
00b,Ivy,back_diagonal,unresolved,,,,,,,,,,,,,unknown_no_static_route,unknown,,unknown,unresolved_no_route,0,no direction-gated route found for this movement type,unknown_no_static_route,no direction-gated route found for this movement type
00b,Ivy,backstep_candidate,unresolved,261,262,0272,0.24600001168437302,0.6430000305408612,0.9880000469274819,1.159000055049546,,,,,,unknown_from_static_bytecode,unknown,Ivy,local,resolved_local,155,offensive cells exist and no static return/recovery frame is known,unknown_from_static_bytecode,offensive cells exist and no static return/recovery frame is known
00b,Ivy,eight_way_or_ambiguous,trusted_basic,161,164,003D,0.24726707384543434,0.6094760333982808,0.8557459141385741,0.9254415602066002,0.9950985348526796,,,,,unknown_from_static_bytecode,unknown,Ivy,local,resolved_local,182,direct movement predicate; same-bank route; root motion decoded; source is neutral-like; no active offensive cells on destination slot,unknown_from_static_bytecode,
00b,Ivy,forward_diagonal,unresolved,357,359,0100,0.06600000313483179,0.20300247268134453,0.39304581752677115,0.6209315877178866,,,,,,unknown_from_static_bytecode,unknown,Ivy,local,resolved_local,148,offensive cells exist and no static return/recovery frame is known,unknown_from_static_bytecode,offensive cells exist and no static return/recovery frame is known
00b,Ivy,forward_step_candidate,trusted_basic,382,383,0151,0.00800000037997961,0.010000000474974513,0.020000000949949026,0.06200000294484198,0.08700000413227826,,,,,unknown_from_static_bytecode,unknown,Ivy,local,resolved_local,205,direct movement predicate; same-bank route; root motion decoded; source is neutral-like; no active offensive cells on destination slot,unknown_from_static_bytecode,
00b,Ivy,sidestep_down_candidate,trusted_basic,325,327,0311,0.05200000246986747,0.03300000156741589,0.010000000474974513,0.019000000902451575,0.08100000384729356,,,,,unknown_from_static_bytecode,unknown,Ivy,local,resolved_local,205,direct movement predicate; same-bank route; root motion decoded; source is neutral-like; no active offensive cells on destination slot,unknown_from_static_bytecode,
00b,Ivy,sidestep_up_candidate,unresolved,261,266,023C,0.006000000284984708,0.019000000902451575,0.027000001282431185,0.03800000180490315,,,,,,unknown_from_static_bytecode,unknown,Ivy,local,resolved_local,155,offensive cells exist and no static return/recovery frame is known,unknown_from_static_bytecode,offensive cells exist and no static return/recovery frame is known
00c,Kilik,back_diagonal,unresolved,,,,,,,,,,,,,unknown_no_static_route,unknown,,unknown,unresolved_no_route,0,no direction-gated route found for this movement type,unknown_no_static_route,no direction-gated route found for this movement type
00c,Kilik,backstep_candidate,unresolved,272,275,0154,0.10500000498723239,0.308000014629215,0.4190000199014321,0.4760000226087868,,,,,,unknown_from_static_bytecode,unknown,Kilik,local,resolved_local,155,offensive cells exist and no static return/recovery frame is known,unknown_from_static_bytecode,offensive cells exist and no static return/recovery frame is known
00c,Kilik,eight_way_or_ambiguous,trusted_basic,161,164,00D0,0.33400001586414874,0.5590000265510753,0.740000035148114,0.8720000414177775,0.9730000462150201,,,,,unknown_from_static_bytecode,unknown,Kilik,local,resolved_local,182,direct movement predicate; same-bank route; root motion decoded; source is neutral-like; no active offensive cells on destination slot,unknown_from_static_bytecode,
00c,Kilik,forward_diagonal,unresolved,337,339,020F,0.7047269309301792,0.6105874510794629,0.5249324015301646,0.9776630763194982,,,,,,unknown_from_static_bytecode,unknown,Kilik,local,resolved_local,148,offensive cells exist and no static return/recovery frame is known,unknown_from_static_bytecode,offensive cells exist and no static return/recovery frame is known
00c,Kilik,forward_step_candidate,unresolved,382,385,014D,0.10100000479724258,0.14900000707712024,0.17900000850204378,0.21000000997446477,,,,,,unknown_from_static_bytecode,unknown,Kilik,local,resolved_local,155,offensive cells exist and no static return/recovery frame is known,unknown_from_static_bytecode,offensive cells exist and no static return/recovery frame is known
00c,Kilik,sidestep_down_candidate,trusted_basic,337,338,0210,0.03200000151991844,0.04400000208988786,0.04500000213738531,0.05900000280234963,0.11000000522471964,,,,,unknown_from_static_bytecode,unknown,Kilik,local,resolved_local,205,direct movement predicate; same-bank route; root motion decoded; source is neutral-like; no active offensive cells on destination slot,unknown_from_static_bytecode,
00c,Kilik,sidestep_up_candidate,measured_but_not_basic,2914,473,0283,0.0,0.0,0.0,0.0,,,,,,unknown_from_static_bytecode,unknown,Kilik,local,resolved_local,155,source is not proven neutral or stance-root basic movement,unknown_from_static_bytecode,source is not proven neutral or stance-root basic movement
00d,Xianghua,back_diagonal,trusted_basic,2972,550,00E0,0.07629548186469066,0.20300247268134453,0.3298257272166935,0.40229965868050444,0.43847464951091575,,,,,unknown_from_static_bytecode,unknown,Xianghua,local,resolved_local,198,direct movement predicate; same-bank route; root motion decoded; source is neutral-like; no active offensive cells on destination slot,unknown_from_static_bytecode,
00d,Xianghua,backstep_candidate,trusted_basic,402,511,0256,0.3060000145342201,0.5620000266935676,0.6550000311108306,0.7050000334857032,0.8260000392328948,,,,,unknown_from_static_bytecode,unknown,Xianghua,local,resolved_local,205,direct movement predicate; same-bank route; root motion decoded; source is neutral-like; no active offensive cells on destination slot,unknown_from_static_bytecode,
00d,Xianghua,eight_way_or_ambiguous,trusted_basic,161,164,00E4,0.18801064692692246,0.3460708184419264,0.4931987663275686,0.6124320661347052,0.7070219568627647,,,,,unknown_from_static_bytecode,unknown,Xianghua,local,resolved_local,182,direct movement predicate; same-bank route; root motion decoded; source is neutral-like; no active offensive cells on destination slot,unknown_from_static_bytecode,
00d,Xianghua,forward_diagonal,trusted_basic,347,515,0256,0.31553923600428474,0.5648832005930157,0.6550923910157127,0.7055558427858979,0.8304649694691077,,,,,unknown_from_static_bytecode,unknown,Xianghua,local,resolved_local,198,direct movement predicate; same-bank route; root motion decoded; source is neutral-like; no active offensive cells on destination slot,unknown_from_static_bytecode,
00d,Xianghua,forward_step_candidate,trusted_basic,292,517,024A,0.21200001006945968,0.3920000186190009,0.5000000237487257,0.5410000256961212,0.5510000261710957,,,,,unknown_from_static_bytecode,unknown,Xianghua,local,resolved_local,205,direct movement predicate; same-bank route; root motion decoded; source is neutral-like; no active offensive cells on destination slot,unknown_from_static_bytecode,
00d,Xianghua,sidestep_down_candidate,trusted_basic,257,270,007B,0.00800000037997961,0.034000001614913344,0.05600000265985727,0.05300000251736492,0.05600000265985727,,,,,unknown_from_static_bytecode,unknown,Xianghua,local,resolved_local,205,direct movement predicate; same-bank route; root motion decoded; source is neutral-like; no active offensive cells on destination slot,unknown_from_static_bytecode,
00d,Xianghua,sidestep_up_candidate,trusted_basic,265,267,018A,0.020000000949949026,0.06100000289734453,0.11600000550970435,0.17400000826455653,0.24800001177936792,,,,,unknown_from_static_bytecode,unknown,Xianghua,local,resolved_local,205,direct movement predicate; same-bank route; root motion decoded; source is neutral-like; no active offensive cells on destination slot,unknown_from_static_bytecode,
00f,Yoshimitsu,back_diagonal,unresolved,545,544,0235,0.049000002327375114,0.049000002327375114,0.049000002327375114,0.049000002327375114,,,,,,unknown_from_static_bytecode,unknown,Yoshimitsu,local,resolved_local,148,offensive cells exist and no static return/recovery frame is known,unknown_from_static_bytecode,offensive cells exist and no static return/recovery frame is known
00f,Yoshimitsu,backstep_candidate,unresolved,257,258,00AD,0.06800000322982669,0.20800000987946987,0.4130000196164474,0.5410000256961212,,,,,,unknown_from_static_bytecode,unknown,Yoshimitsu,local,resolved_local,155,offensive cells exist and no static return/recovery frame is known,unknown_from_static_bytecode,offensive cells exist and no static return/recovery frame is known
00f,Yoshimitsu,eight_way_or_ambiguous,trusted_basic,161,164,00A7,0.3351790725451137,0.5982215592869682,0.8308694636217909,0.9950724064413654,1.059000050299801,,,,,unknown_from_static_bytecode,unknown,Yoshimitsu,local,resolved_local,182,direct movement predicate; same-bank route; root motion decoded; source is neutral-like; no active offensive cells on destination slot,unknown_from_static_bytecode,
00f,Yoshimitsu,forward_diagonal,trusted_basic,345,349,02E4,0.13600000645965338,0.2810000133467838,0.4230000200914219,0.5440000258386135,0.6600000313483179,,,,,unknown_from_static_bytecode,unknown,Yoshimitsu,local,resolved_local,198,direct movement predicate; same-bank route; root motion decoded; source is neutral-like; no active offensive cells on destination slot,unknown_from_static_bytecode,
00f,Yoshimitsu,forward_step_candidate,trusted_basic,305,306,00F9,0.1540000073146075,0.2790000132517889,0.40800001937896013,0.5330000253161415,1.0200000484474003,,,,,unknown_from_static_bytecode,unknown,Yoshimitsu,local,resolved_local,205,direct movement predicate; same-bank route; root motion decoded; source is neutral-like; no active offensive cells on destination slot,unknown_from_static_bytecode,
00f,Yoshimitsu,sidestep_down_candidate,trusted_basic,257,477,00A9,0.004000000189989805,0.013000000617466867,0.02400000113993883,0.0370000017574057,0.09900000470224768,,,,,unknown_from_static_bytecode,unknown,Yoshimitsu,local,resolved_local,205,direct movement predicate; same-bank route; root motion decoded; source is neutral-like; no active offensive cells on destination slot,unknown_from_static_bytecode,
00f,Yoshimitsu,sidestep_up_candidate,unresolved,329,319,0162,0.0,0.0,0.0,0.0,,,,,,unknown_from_static_bytecode,unresolved_static_data,Yoshimitsu,local,resolved_local,155,offensive cells exist and no static return/recovery frame is known,unknown_from_static_bytecode,offensive cells exist and no static return/recovery frame is known
011,Nightmare,back_diagonal,unresolved,,,,,,,,,,,,,unknown_no_static_route,unknown,,unknown,unresolved_no_route,0,no direction-gated route found for this movement type,unknown_no_static_route,no direction-gated route found for this movement type
011,Nightmare,backstep_candidate,trusted_basic,256,263,012B,0.026000001234933734,0.10400000493973494,0.23100001097191125,0.39900001895148307,0.8190000389004126,,,,,unknown_from_static_bytecode,unknown,Nightmare,local,resolved_local,205,direct movement predicate; same-bank route; root motion decoded; source is neutral-like; no active offensive cells on destination slot,unknown_from_static_bytecode,
011,Nightmare,eight_way_or_ambiguous,trusted_basic,161,164,0083,0.13852076314676523,0.2862516511461244,0.4110109682812483,0.5031202878497947,0.5612210169981611,,,,,unknown_from_static_bytecode,unknown,Nightmare,local,resolved_local,182,direct movement predicate; same-bank route; root motion decoded; source is neutral-like; no active offensive cells on destination slot,unknown_from_static_bytecode,
011,Nightmare,forward_diagonal,unresolved,,,,,,,,,,,,,unknown_no_static_route,unknown,,unknown,unresolved_no_route,0,no direction-gated route found for this movement type,unknown_no_static_route,no direction-gated route found for this movement type
011,Nightmare,forward_step_candidate,trusted_basic,293,294,0371,0.6590000313008204,0.658000031253323,0.6250000296859071,0.5570000264560804,0.6590000313008204,,,,,unknown_from_static_bytecode,unknown,Nightmare,local,resolved_local,205,direct movement predicate; same-bank route; root motion decoded; source is neutral-like; no active offensive cells on destination slot,unknown_from_static_bytecode,
011,Nightmare,sidestep_down_candidate,trusted_basic,301,303,013C,0.04000000189989805,0.09900000470224768,0.13700000650715083,0.13800000655464828,0.13900000660214573,,,,,unknown_from_static_bytecode,unknown,Nightmare,local,resolved_local,205,direct movement predicate; same-bank route; root motion decoded; source is neutral-like; no active offensive cells on destination slot,unknown_from_static_bytecode,
011,Nightmare,sidestep_up_candidate,unresolved,272,274,02C4,0.0,0.0,0.0,0.0,,,,,,unknown_from_static_bytecode,unknown,Nightmare,local,resolved_local,155,offensive cells exist and no static return/recovery frame is known,unknown_from_static_bytecode,offensive cells exist and no static return/recovery frame is known
012,Astaroth,back_diagonal,trusted_basic,265,488,01C1,0.7043436995721424,0.9320434981923048,1.0340019833466243,1.0770297629097465,1.1430158022133456,,,,,unknown_from_static_bytecode,unknown,Astaroth,local,resolved_local,198,direct movement predicate; same-bank route; root motion decoded; source is neutral-like; no active offensive cells on destination slot,unknown_from_static_bytecode,
012,Astaroth,backstep_candidate,unresolved,265,266,001F,0.0010000000474974513,0.007000000332482159,0.03800000180490315,0.10700000508222729,,,,,,unknown_from_static_bytecode,unknown,Astaroth,local,resolved_local,155,offensive cells exist and no static return/recovery frame is known,unknown_from_static_bytecode,offensive cells exist and no static return/recovery frame is known
012,Astaroth,eight_way_or_ambiguous,trusted_basic,161,164,019D,0.03800000180490315,0.07700000365730375,0.12600000598467886,0.1870000088820234,0.3330000158166513,,,,,unknown_from_static_bytecode,unknown,Astaroth,local,resolved_local,182,direct movement predicate; same-bank route; root motion decoded; source is neutral-like; no active offensive cells on destination slot,unknown_from_static_bytecode,
012,Astaroth,forward_diagonal,unresolved,372,373,0012,0.09900000470224768,0.35000001662410796,0.7720000366680324,1.405000066733919,,,,,,unknown_from_static_bytecode,unknown,Astaroth,local,resolved_local,148,offensive cells exist and no static return/recovery frame is known,unknown_from_static_bytecode,offensive cells exist and no static return/recovery frame is known
012,Astaroth,forward_step_candidate,unresolved,276,284,0014,0.0800000037997961,0.21600001025944948,0.4170000198064372,0.6190000294009224,,,,,,unknown_from_static_bytecode,unknown,Astaroth,local,resolved_local,155,offensive cells exist and no static return/recovery frame is known,unknown_from_static_bytecode,offensive cells exist and no static return/recovery frame is known
012,Astaroth,sidestep_down_candidate,trusted_basic,301,316,0041,0.0,0.003000000142492354,0.007000000332482159,0.012000000569969416,0.06900000327732414,,,,,unknown_from_static_bytecode,unknown,Astaroth,local,resolved_local,205,direct movement predicate; same-bank route; root motion decoded; source is neutral-like; no active offensive cells on destination slot,unknown_from_static_bytecode,
012,Astaroth,sidestep_up_candidate,unresolved,337,338,002A,0.02300000109244138,0.058000002754852176,0.08500000403728336,0.08900000422727317,,,,,,unknown_from_static_bytecode,unknown,Astaroth,local,resolved_local,155,offensive cells exist and no static return/recovery frame is known,unknown_from_static_bytecode,offensive cells exist and no static return/recovery frame is known
014,Cervantes,back_diagonal,unresolved,,,,,,,,,,,,,unknown_no_static_route,unknown,,unknown,unresolved_no_route,0,no direction-gated route found for this movement type,unknown_no_static_route,no direction-gated route found for this movement type
014,Cervantes,backstep_candidate,trusted_basic,398,400,01CF,0.018000000854954123,0.04000000189989805,0.04800000227987766,0.042000001994892955,0.08900000422727317,,,,,unknown_from_static_bytecode,unknown,Cervantes,local,resolved_local,205,direct movement predicate; same-bank route; root motion decoded; source is neutral-like; no active offensive cells on destination slot,unknown_from_static_bytecode,
014,Cervantes,eight_way_or_ambiguous,trusted_basic,161,164,0160,0.26132356665100465,0.6310959022484306,0.9230195452601934,1.0400019724725857,1.0730000509647653,,,,,unknown_from_static_bytecode,unknown,Cervantes,local,resolved_local,182,direct movement predicate; same-bank route; root motion decoded; source is neutral-like; no active offensive cells on destination slot,unknown_from_static_bytecode,
014,Cervantes,forward_diagonal,trusted_basic,357,544,0231,0.2925816264428507,0.24247062829328514,0.2314000974213217,0.22192342075251784,0.2925816264428507,,,,,unknown_from_static_bytecode,unknown,Cervantes,local,resolved_local,198,direct movement predicate; same-bank route; root motion decoded; source is neutral-like; no active offensive cells on destination slot,unknown_from_static_bytecode,
014,Cervantes,forward_step_candidate,unresolved,265,268,0273,0.14900000707712024,0.3330000158166513,0.5810000275960192,0.698000033153221,,,,,,unknown_from_static_bytecode,unknown,Cervantes,local,resolved_local,155,offensive cells exist and no static return/recovery frame is known,unknown_from_static_bytecode,offensive cells exist and no static return/recovery frame is known
014,Cervantes,sidestep_down_candidate,measured_but_not_basic,471,6,00BD,0.0,0.0,0.0,0.0,,,,,,unknown_from_static_bytecode,unknown,Cervantes,local,resolved_local,155,source is not proven neutral or stance-root basic movement,unknown_from_static_bytecode,source is not proven neutral or stance-root basic movement
014,Cervantes,sidestep_up_candidate,unresolved,418,419,0018,0.02400000113993883,0.04800000227987766,0.03600000170990825,0.00800000037997961,,,,,,unknown_from_static_bytecode,unknown,Cervantes,local,resolved_local,155,offensive cells exist and no static return/recovery frame is known,unknown_from_static_bytecode,offensive cells exist and no static return/recovery frame is known
015,Raphael,back_diagonal,unresolved,,,,,,,,,,,,,unknown_no_static_route,unknown,,unknown,unresolved_no_route,0,no direction-gated route found for this movement type,unknown_no_static_route,no direction-gated route found for this movement type
015,Raphael,backstep_candidate,unresolved,257,258,007A,0.08300000394228846,0.22500001068692654,0.3290000156266615,0.39300001866649836,,,,,,unknown_from_static_bytecode,unknown,Raphael,local,resolved_local,155,offensive cells exist and no static return/recovery frame is known,unknown_from_static_bytecode,offensive cells exist and no static return/recovery frame is known
015,Raphael,eight_way_or_ambiguous,trusted_basic,161,164,0110,0.34677083415872406,0.5990993524412885,0.7827963069726555,0.8990506530689034,0.9604103745910705,,,,,unknown_from_static_bytecode,unknown,Raphael,local,resolved_local,182,direct movement predicate; same-bank route; root motion decoded; source is neutral-like; no active offensive cells on destination slot,unknown_from_static_bytecode,
015,Raphael,forward_diagonal,trusted_basic,413,414,00AD,0.04785394672896199,0.1225765125433843,0.21396496056355055,0.30809902469399564,2.6170375714936114,,,,,unknown_from_static_bytecode,unknown,Raphael,local,resolved_local,198,direct movement predicate; same-bank route; root motion decoded; source is neutral-like; no active offensive cells on destination slot,unknown_from_static_bytecode,
015,Raphael,forward_step_candidate,trusted_basic,288,289,00AD,0.04700000223238021,0.12000000569969416,0.21000000997446477,0.30700001458171755,2.61700012430083,,,,,unknown_from_static_bytecode,unknown,Raphael,local,resolved_local,205,direct movement predicate; same-bank route; root motion decoded; source is neutral-like; no active offensive cells on destination slot,unknown_from_static_bytecode,
015,Raphael,sidestep_down_candidate,trusted_basic,257,260,0183,0.0,0.0,0.0,0.0,0.0,,,,,unknown_from_static_bytecode,unknown,Raphael,local,resolved_local,205,direct movement predicate; same-bank route; root motion decoded; source is neutral-like; no active offensive cells on destination slot,unknown_from_static_bytecode,
015,Raphael,sidestep_up_candidate,trusted_basic,2877,441,028A,0.0,0.0,0.0,0.0,0.058000002754852176,,,,,unknown_from_static_bytecode,unknown,Raphael,local,resolved_local,205,direct movement predicate; same-bank route; root motion decoded; source is neutral-like; no active offensive cells on destination slot,unknown_from_static_bytecode,
016,Talim,back_diagonal,measured_but_not_basic,2919,393,015B,0.050010001375547446,0.13829317342796626,0.2635906041577468,0.3851882839526587,,,,,,unknown_from_static_bytecode,unknown,Talim,local,resolved_local,148,source is not proven neutral or stance-root basic movement,unknown_from_static_bytecode,source is not proven neutral or stance-root basic movement
016,Talim,backstep_candidate,unresolved,256,257,01B8,0.05200000246986747,0.12700000603217632,0.3570000169565901,0.740000035148114,,,,,,unknown_from_static_bytecode,unknown,Talim,local,resolved_local,155,offensive cells exist and no static return/recovery frame is known,unknown_from_static_bytecode,offensive cells exist and no static return/recovery frame is known
016,Talim,eight_way_or_ambiguous,trusted_basic,161,164,0166,0.627544450545245,0.9363354544629361,1.1430039912908674,1.237740742454729,1.2488895660409403,,,,,unknown_from_static_bytecode,unknown,Talim,local,resolved_local,182,direct movement predicate; same-bank route; root motion decoded; source is neutral-like; no active offensive cells on destination slot,unknown_from_static_bytecode,
016,Talim,forward_diagonal,trusted_basic,421,422,0237,0.11512168022995266,0.37903563638229054,0.5827950173646129,0.7659882869451207,1.9430011216234024,,,,,unknown_from_static_bytecode,unknown,Talim,local,resolved_local,198,direct movement predicate; same-bank route; root motion decoded; source is neutral-like; no active offensive cells on destination slot,unknown_from_static_bytecode,
016,Talim,forward_step_candidate,unresolved,257,258,0177,0.04800000227987766,0.26600001263432205,0.5210000247461721,0.7240000343881547,,,,,,unknown_from_static_bytecode,unknown,Talim,local,resolved_local,155,offensive cells exist and no static return/recovery frame is known,unknown_from_static_bytecode,offensive cells exist and no static return/recovery frame is known
016,Talim,sidestep_down_candidate,trusted_basic,256,266,01B5,0.003000000142492354,0.00800000037997961,0.01500000071246177,0.02200000104494393,0.04700000223238021,,,,,unknown_from_static_bytecode,unknown,Talim,local,resolved_local,205,direct movement predicate; same-bank route; root motion decoded; source is neutral-like; no active offensive cells on destination slot,unknown_from_static_bytecode,
016,Talim,sidestep_up_candidate,unresolved,281,284,0094,0.04000000189989805,0.09500000451225787,0.12300000584218651,0.08600000408478081,,,,,,unknown_from_static_bytecode,unknown,Talim,local,resolved_local,155,offensive cells exist and no static return/recovery frame is known,unknown_from_static_bytecode,offensive cells exist and no static return/recovery frame is known
017,Cassandra,back_diagonal,unresolved,3118,325,04C1,0.3352879518848496,0.3791477464733274,0.40397155283819614,0.37448232711544677,,,,,,unknown_from_static_bytecode,unknown,Cassandra,local,resolved_local,148,cell index is outside this KHD bank; shared/common cell semantics are not resolved,unknown_from_static_bytecode,cell index is outside this KHD bank; shared/common cell semantics are not resolved
017,Cassandra,backstep_candidate,unresolved,264,265,04B0,0.1830000086920336,0.35400001681409776,0.5480000260286033,0.8450000401353464,,,,,,unknown_from_static_bytecode,unknown,Cassandra,local,resolved_local,155,offensive cells exist and no static return/recovery frame is known,unknown_from_static_bytecode,offensive cells exist and no static return/recovery frame is known
017,Cassandra,eight_way_or_ambiguous,trusted_basic,161,164,04E2,0.0,0.0,0.0,0.0,0.0,,,,,unknown_from_static_bytecode,unknown,Cassandra,local,resolved_local,182,direct movement predicate; same-bank route; root motion decoded; source is neutral-like; no active offensive cells on destination slot,unknown_from_static_bytecode,
017,Cassandra,forward_diagonal,unresolved,362,363,0544,0.0,0.0,0.0,0.0,,,,,,unknown_from_static_bytecode,unknown,Cassandra,local,resolved_local,148,offensive cells exist and no static return/recovery frame is known,unknown_from_static_bytecode,offensive cells exist and no static return/recovery frame is known
017,Cassandra,forward_step_candidate,unresolved,285,286,043F,0.3450000163866207,0.6650000315858051,1.068000050727278,1.2980000616516918,,,,,,unknown_from_static_bytecode,unknown,Cassandra,local,resolved_local,155,offensive cells exist and no static return/recovery frame is known,unknown_from_static_bytecode,offensive cells exist and no static return/recovery frame is known
017,Cassandra,sidestep_down_candidate,trusted_basic,264,272,012D,0.0020000000949949026,0.00800000037997961,0.01500000071246177,0.02200000104494393,0.04000000189989805,,,,,unknown_from_static_bytecode,unknown,Cassandra,local,resolved_local,205,direct movement predicate; same-bank route; root motion decoded; source is neutral-like; no active offensive cells on destination slot,unknown_from_static_bytecode,
017,Cassandra,sidestep_up_candidate,trusted_basic,420,421,0454,0.03100000147242099,0.028000001329928637,0.019000000902451575,0.003000000142492354,0.03100000147242099,,,,,unknown_from_static_bytecode,unknown,Cassandra,local,resolved_local,205,direct movement predicate; same-bank route; root motion decoded; source is neutral-like; no active offensive cells on destination slot,unknown_from_static_bytecode,
022,Setsuka,back_diagonal,trusted_basic,558,549,039B,0.06900724927401278,0.18600269698727145,0.30500165382665717,0.38000133383628965,0.3900013005732417,,,,,unknown_from_static_bytecode,unknown,Setsuka,local,resolved_local,198,direct movement predicate; same-bank route; root motion decoded; source is neutral-like; no active offensive cells on destination slot,unknown_from_static_bytecode,
022,Setsuka,backstep_candidate,unresolved,317,318,05E9,0.09600000455975533,0.17300000821705908,0.45900002180133015,0.9210000437451527,,,,,,unknown_from_static_bytecode,unknown,Setsuka,local,resolved_local,155,offensive cells exist and no static return/recovery frame is known,unknown_from_static_bytecode,offensive cells exist and no static return/recovery frame is known
022,Setsuka,eight_way_or_ambiguous,trusted_basic,161,164,0306,0.47215465811237545,0.7312216153754966,0.9230049192337868,1.0170020148714383,1.0400019724725857,,,,,unknown_from_static_bytecode,unknown,Setsuka,local,resolved_local,182,direct movement predicate; same-bank route; root motion decoded; source is neutral-like; no active offensive cells on destination slot,unknown_from_static_bytecode,
022,Setsuka,forward_diagonal,trusted_basic,413,417,05F6,0.488937647056843,0.9435698620538088,1.2775653232019561,1.627000384592414,3.0320001440122724,,,,,unknown_from_static_bytecode,unknown,Setsuka,local,resolved_local,198,direct movement predicate; same-bank route; root motion decoded; source is neutral-like; no active offensive cells on destination slot,unknown_from_static_bytecode,
022,Setsuka,forward_step_candidate,unresolved,312,313,059E,0.04000000189989805,0.10000000474974513,0.3410000161966309,0.6990000332007185,,,,,,unknown_from_static_bytecode,unknown,Setsuka,local,resolved_local,155,offensive cells exist and no static return/recovery frame is known,unknown_from_static_bytecode,offensive cells exist and no static return/recovery frame is known
022,Setsuka,sidestep_down_candidate,measured_but_not_basic,501,503,05E7,0.004000000189989805,0.009000000427477062,0.017000000807456672,0.025000001187436283,,,,,,unknown_from_static_bytecode,unknown,Setsuka,local,resolved_local,155,source is not proven neutral or stance-root basic movement,unknown_from_static_bytecode,source is not proven neutral or stance-root basic movement
022,Setsuka,sidestep_up_candidate,trusted_basic,315,316,05A2,0.0,0.0,0.0,0.0,0.0,,,,,unknown_from_static_bytecode,unknown,Setsuka,local,resolved_local,205,direct movement predicate; same-bank route; root motion decoded; source is neutral-like; no active offensive cells on destination slot,unknown_from_static_bytecode,
023,Tira,back_diagonal,unresolved,358,360,002A,0.04110961153479061,0.20199258371506393,0.38637418933116424,0.5860546328005181,,,,,,unknown_from_static_bytecode,unknown,Tira,local,resolved_local,148,offensive cells exist and no static return/recovery frame is known,unknown_from_static_bytecode,offensive cells exist and no static return/recovery frame is known
023,Tira,backstep_candidate,unresolved,257,258,0231,0.04000000189989805,0.12300000584218651,0.25800001225434244,0.43200002051889896,,,,,,unknown_from_static_bytecode,unknown,Tira,local,resolved_local,155,offensive cells exist and no static return/recovery frame is known,unknown_from_static_bytecode,offensive cells exist and no static return/recovery frame is known
023,Tira,eight_way_or_ambiguous,trusted_basic,161,164,014C,0.3071319080800127,0.5805824937254848,0.8161869046253443,0.9706750689623945,1.0110915374553686,,,,,unknown_from_static_bytecode,unknown,Tira,local,resolved_local,182,direct movement predicate; same-bank route; root motion decoded; source is neutral-like; no active offensive cells on destination slot,unknown_from_static_bytecode,
023,Tira,forward_diagonal,unresolved,358,361,0314,0.10089599083733769,0.12254387551623494,0.15326448457300965,0.2507987359919892,,,,,,unknown_from_static_bytecode,unknown,Tira,local,resolved_local,148,offensive cells exist and no static return/recovery frame is known,unknown_from_static_bytecode,offensive cells exist and no static return/recovery frame is known
023,Tira,forward_step_candidate,unresolved,295,296,0215,0.13900000660214573,0.2360000112093985,0.35400001681409776,0.472000022418797,,,,,,unknown_from_static_bytecode,unknown,Tira,local,resolved_local,155,offensive cells exist and no static return/recovery frame is known,unknown_from_static_bytecode,offensive cells exist and no static return/recovery frame is known
023,Tira,sidestep_down_candidate,trusted_basic,257,267,026D,0.0020000000949949026,0.007000000332482159,0.00800000037997961,0.007000000332482159,0.04000000189989805,,,,,unknown_from_static_bytecode,unknown,Tira,local,resolved_local,205,direct movement predicate; same-bank route; root motion decoded; source is neutral-like; no active offensive cells on destination slot,unknown_from_static_bytecode,
023,Tira,sidestep_up_candidate,unresolved,305,307,0251,0.021000000997446477,0.027000001282431185,0.041000001947395504,0.029000001377426088,,,,,,unknown_from_static_bytecode,unknown,Tira,local,resolved_local,155,offensive cells exist and no static return/recovery frame is known,unknown_from_static_bytecode,offensive cells exist and no static return/recovery frame is known
024,Zasalamel,back_diagonal,unresolved,,,,,,,,,,,,,unknown_no_static_route,unknown,,unknown,unresolved_no_route,0,no direction-gated route found for this movement type,unknown_no_static_route,no direction-gated route found for this movement type
024,Zasalamel,backstep_candidate,unresolved,1945,1579,1491,,,,,,,,,,unknown_from_static_bytecode,unknown,Zasalamel,move_bucket_2,resolved_move_bucket,113,root motion did not decode with high confidence,unknown_from_static_bytecode,root motion did not decode with high confidence
024,Zasalamel,eight_way_or_ambiguous,trusted_basic,161,164,0075,0.4150000197114423,0.5840000277385116,0.6960000330582261,0.7580000360030681,0.780000037048012,,,,,unknown_from_static_bytecode,unknown,Zasalamel,local,resolved_local,182,direct movement predicate; same-bank route; root motion decoded; source is neutral-like; no active offensive cells on destination slot,unknown_from_static_bytecode,
024,Zasalamel,forward_diagonal,unresolved,432,433,0150,0.32109968825031526,0.6974131101464158,0.8741590659546674,0.9166008290475381,,,,,,unknown_from_static_bytecode,unknown,Zasalamel,local,resolved_local,148,offensive cells exist and no static return/recovery frame is known,unknown_from_static_bytecode,offensive cells exist and no static return/recovery frame is known
024,Zasalamel,forward_step_candidate,unresolved,264,265,013B,0.027000001282431185,0.08700000413227826,0.144000006839633,0.12900000612717122,,,,,,unknown_from_static_bytecode,unknown,Zasalamel,local,resolved_local,155,offensive cells exist and no static return/recovery frame is known,unknown_from_static_bytecode,offensive cells exist and no static return/recovery frame is known
024,Zasalamel,sidestep_down_candidate,trusted_basic,297,416,0236,0.004000000189989805,0.01600000075995922,0.0780000037048012,0.049000002327375114,0.0780000037048012,,,,,unknown_from_static_bytecode,unknown,Zasalamel,local,resolved_local,205,direct movement predicate; same-bank route; root motion decoded; source is neutral-like; no active offensive cells on destination slot,unknown_from_static_bytecode,
024,Zasalamel,sidestep_up_candidate,unresolved,264,267,01D6,0.0780000037048012,0.08200000389479101,0.08200000389479101,0.08200000389479101,,,,,,unknown_from_static_bytecode,unknown,Zasalamel,local,resolved_local,155,offensive cells exist and no static return/recovery frame is known,unknown_from_static_bytecode,offensive cells exist and no static return/recovery frame is known
028,Hilde,back_diagonal,unresolved,,,,,,,,,,,,,unknown_no_static_route,unknown,,unknown,unresolved_no_route,0,no direction-gated route found for this movement type,unknown_no_static_route,no direction-gated route found for this movement type
028,Hilde,backstep_candidate,unresolved,292,293,072A,0.31900001515168697,0.6500000308733433,0.7620000361930579,0.7010000332957134,,,,,,unknown_from_static_bytecode,unknown,Hilde,local,resolved_local,155,offensive cell: damage-bearing Mid cell has invalid active window 999-999,unknown_from_static_bytecode,offensive cell: damage-bearing Mid cell has invalid active window 999-999
028,Hilde,eight_way_or_ambiguous,trusted_basic,161,164,05C7,0.3351790725451137,0.5982215592869682,0.8308694636217909,0.9950724064413654,1.0740000510122627,,,,,unknown_from_static_bytecode,unknown,Hilde,local,resolved_local,182,direct movement predicate; same-bank route; root motion decoded; source is neutral-like; no active offensive cells on destination slot,unknown_from_static_bytecode,
028,Hilde,forward_diagonal,unresolved,353,355,070C,0.1531012809439574,0.3286959237096568,0.5097891963230987,0.7291982244298465,,,,,,unknown_from_static_bytecode,unknown,Hilde,local,resolved_local,148,offensive cells exist and no static return/recovery frame is known,unknown_from_static_bytecode,offensive cells exist and no static return/recovery frame is known
028,Hilde,forward_step_candidate,unresolved,292,295,072C,0.03000000142492354,0.1540000073146075,0.3980000189039856,0.6800000322982669,,,8,,,attack_followup_only,confirmed_static_data,Hilde,local,resolved_local,155,offensive cell: damage-bearing Mid cell has invalid active window 999-999,estimated_from_static_frame_edges,offensive cell: damage-bearing Mid cell has invalid active window 999-999
028,Hilde,sidestep_down_candidate,trusted_basic,323,324,0541,0.0,0.0,0.0,0.0,0.0,,,,,unknown_from_static_bytecode,unknown,Hilde,local,resolved_local,205,direct movement predicate; same-bank route; root motion decoded; source is neutral-like; no active offensive cells on destination slot,unknown_from_static_bytecode,
028,Hilde,sidestep_up_candidate,unresolved,333,334,0649,0.05300000251736492,0.019000000902451575,0.10200000484474003,0.12000000569969416,,,,,,unknown_from_static_bytecode,unknown,Hilde,local,resolved_local,155,offensive cells exist and no static return/recovery frame is known,unknown_from_static_bytecode,offensive cells exist and no static return/recovery frame is known
030,Amy,back_diagonal,unresolved,419,428,0557,0.0,0.0,0.0,0.0,,,,,,unknown_from_static_bytecode,unknown,Amy,local,resolved_local,148,cell index is outside this KHD bank; shared/common cell semantics are not resolved,unknown_from_static_bytecode,cell index is outside this KHD bank; shared/common cell semantics are not resolved
030,Amy,backstep_candidate,trusted_basic,281,282,0514,0.0,0.0,0.0,0.0,0.0,,,,,unknown_from_static_bytecode,unknown,Amy,local,resolved_local,205,direct movement predicate; same-bank route; root motion decoded; source is neutral-like; no active offensive cells on destination slot,unknown_from_static_bytecode,
030,Amy,eight_way_or_ambiguous,trusted_basic,161,164,0556,0.4030000191414729,0.6750000320607796,0.8390000398503616,0.9200000436976552,0.9410000446951017,,,,,unknown_from_static_bytecode,unknown,Amy,local,resolved_local,182,direct movement predicate; same-bank route; root motion decoded; source is neutral-like; no active offensive cells on destination slot,unknown_from_static_bytecode,
030,Amy,forward_diagonal,unresolved,338,341,054C,0.0,0.0,0.0,0.0,,,,,,unknown_from_static_bytecode,unknown,Amy,local,resolved_local,148,offensive cells exist and no static return/recovery frame is known,unknown_from_static_bytecode,offensive cells exist and no static return/recovery frame is known
030,Amy,forward_step_candidate,trusted_basic,494,495,055C,0.0,0.0,0.0,0.0,0.0,,,,,unknown_from_static_bytecode,unknown,Amy,local,resolved_local,205,direct movement predicate; same-bank route; root motion decoded; source is neutral-like; no active offensive cells on destination slot,unknown_from_static_bytecode,
030,Amy,sidestep_down_candidate,trusted_basic,257,271,01EF,0.006000000284984708,0.018000000854954123,0.03100000147242099,0.041000001947395504,0.05400000256486237,,,,,unknown_from_static_bytecode,unknown,Amy,local,resolved_local,205,direct movement predicate; same-bank route; root motion decoded; source is neutral-like; no active offensive cells on destination slot,unknown_from_static_bytecode,
030,Amy,sidestep_up_candidate,unresolved,257,269,01E8,0.07000000332482159,0.09500000451225787,0.011000000522471964,0.00800000037997961,,,,,,unknown_from_static_bytecode,unknown,Amy,local,resolved_local,155,offensive cells exist and no static return/recovery frame is known,unknown_from_static_bytecode,offensive cells exist and no static return/recovery frame is known
060,2B,back_diagonal,unresolved,,,,,,,,,,,,,unknown_no_static_route,unknown,,unknown,unresolved_no_route,0,no direction-gated route found for this movement type,unknown_no_static_route,no direction-gated route found for this movement type
060,2B,backstep_candidate,unresolved,257,258,035E,0.06600000313483179,0.22500001068692654,0.421000019996427,0.4130000196164474,,,,,,unknown_from_static_bytecode,unknown,2B,local,resolved_local,155,offensive cells exist and no static return/recovery frame is known,unknown_from_static_bytecode,offensive cells exist and no static return/recovery frame is known
060,2B,eight_way_or_ambiguous,trusted_basic,161,164,0433,0.5820421223431419,0.8600285287494168,1.0690229691457183,1.1870067960405264,1.3221513400738485,,,,,unknown_from_static_bytecode,unknown,2B,local,resolved_local,182,direct movement predicate; same-bank route; root motion decoded; source is neutral-like; no active offensive cells on destination slot,unknown_from_static_bytecode,
060,2B,forward_diagonal,unresolved,3070,603,0494,0.11047624703714737,0.25109760251629,0.47400424190449525,0.625447869258967,,,,,,unknown_from_static_bytecode,unknown,2B,local,resolved_local,148,offensive cells exist and no static return/recovery frame is known,unknown_from_static_bytecode,offensive cells exist and no static return/recovery frame is known
060,2B,forward_step_candidate,unresolved,260,269,0438,0.13400000636465847,0.33800001605413854,0.6170000293059275,0.9270000440301374,,,,,,unknown_from_static_bytecode,unknown,2B,local,resolved_local,155,offensive cells exist and no static return/recovery frame is known,unknown_from_static_bytecode,offensive cells exist and no static return/recovery frame is known
060,2B,sidestep_down_candidate,trusted_basic,257,614,035D,0.042000001994892955,0.014000000664964318,0.07100000337231904,0.010000000474974513,0.10600000503472984,,,,,unknown_from_static_bytecode,unknown,2B,local,resolved_local,205,direct movement predicate; same-bank route; root motion decoded; source is neutral-like; no active offensive cells on destination slot,unknown_from_static_bytecode,
060,2B,sidestep_up_candidate,trusted_basic,362,363,0377,0.0740000035148114,0.06200000294484198,0.01600000075995922,0.014000000664964318,0.0800000037997961,,,,,unknown_from_static_bytecode,unknown,2B,local,resolved_local,205,direct movement predicate; same-bank route; root motion decoded; source is neutral-like; no active offensive cells on destination slot,unknown_from_static_bytecode,
061,Haohmaru,back_diagonal,unresolved,482,519,0025,0.11921829285039516,0.34438352351179013,0.6892206070083473,1.0480019581726285,,,,,,unknown_from_static_bytecode,unknown,Haohmaru,local,resolved_local,148,offensive cells exist and no static return/recovery frame is known,unknown_from_static_bytecode,offensive cells exist and no static return/recovery frame is known
061,Haohmaru,backstep_candidate,trusted_basic,3124,497,063B,0.0,0.0,0.0,0.0,0.0,,,,,unknown_from_static_bytecode,unknown,Haohmaru,local,resolved_local,205,direct movement predicate; same-bank route; root motion decoded; source is neutral-like; no active offensive cells on destination slot,unknown_from_static_bytecode,
061,Haohmaru,eight_way_or_ambiguous,trusted_basic,161,164,0057,0.0,0.0,0.0,0.0,0.0,,,,,unknown_from_static_bytecode,unknown,Haohmaru,local,resolved_local,182,direct movement predicate; same-bank route; root motion decoded; source is neutral-like; no active offensive cells on destination slot,unknown_from_static_bytecode,
061,Haohmaru,forward_diagonal,unresolved,561,562,0017,0.16022484962922948,0.33224390210522686,0.7278908230845307,1.0490805996435844,,,,,,unknown_from_static_bytecode,unknown,Haohmaru,local,resolved_local,148,offensive cells exist and no static return/recovery frame is known,unknown_from_static_bytecode,offensive cells exist and no static return/recovery frame is known
061,Haohmaru,forward_step_candidate,unresolved,265,268,001E,0.1810000085970387,0.17300000821705908,0.0,0.21100001002196223,,,,,,unknown_from_static_bytecode,unknown,Haohmaru,local,resolved_local,155,offensive cells exist and no static return/recovery frame is known,unknown_from_static_bytecode,offensive cells exist and no static return/recovery frame is known
061,Haohmaru,sidestep_down_candidate,trusted_basic,361,362,064E,0.03100000147242099,0.029000001377426088,0.058000002754852176,0.09600000455975533,0.1110000052722171,,,,,unknown_from_static_bytecode,unknown,Haohmaru,local,resolved_local,205,direct movement predicate; same-bank route; root motion decoded; source is neutral-like; no active offensive cells on destination slot,unknown_from_static_bytecode,
061,Haohmaru,sidestep_up_candidate,unresolved,555,556,0114,0.003000000142492354,0.003000000142492354,0.003000000142492354,0.0010000000474974513,,,,,,unknown_from_static_bytecode,unknown,Haohmaru,local,resolved_local,155,offensive cells exist and no static return/recovery frame is known,unknown_from_static_bytecode,offensive cells exist and no static return/recovery frame is known
062,Groh,back_diagonal,unresolved,,,,,,,,,,,,,unknown_no_static_route,unknown,,unknown,unresolved_no_route,0,no direction-gated route found for this movement type,unknown_no_static_route,no direction-gated route found for this movement type
062,Groh,backstep_candidate,unresolved,260,261,0332,0.0,0.0,0.0,0.0,,,,,,unknown_from_static_bytecode,unknown,Groh,local,resolved_local,155,offensive cells exist and no static return/recovery frame is known,unknown_from_static_bytecode,offensive cells exist and no static return/recovery frame is known
062,Groh,eight_way_or_ambiguous,trusted_basic,161,164,027D,0.5004408294600061,0.8676278415945828,1.1368909898415545,1.3341342395286768,1.6486701483944222,,,,,unknown_from_static_bytecode,unknown,Groh,local,resolved_local,182,direct movement predicate; same-bank route; root motion decoded; source is neutral-like; no active offensive cells on destination slot,unknown_from_static_bytecode,
062,Groh,forward_diagonal,unresolved,,,,,,,,,,,,,unknown_no_static_route,unknown,,unknown,unresolved_no_route,0,no direction-gated route found for this movement type,unknown_no_static_route,no direction-gated route found for this movement type
062,Groh,forward_step_candidate,unresolved,263,336,0355,0.05300000251736492,0.03600000170990825,0.050000002374872565,0.08300000394228846,,,,,,unknown_from_static_bytecode,unknown,Groh,local,resolved_local,155,offensive cells exist and no static return/recovery frame is known,unknown_from_static_bytecode,offensive cells exist and no static return/recovery frame is known
062,Groh,sidestep_down_candidate,trusted_basic,257,405,02B6,0.0,0.0,0.0,0.0,0.0,,,,,unknown_from_static_bytecode,unknown,Groh,local,resolved_local,205,direct movement predicate; same-bank route; root motion decoded; source is neutral-like; no active offensive cells on destination slot,unknown_from_static_bytecode,
062,Groh,sidestep_up_candidate,unresolved,263,340,0354,0.04500000213738531,0.009000000427477062,0.021000000997446477,0.020000000949949026,,,,,,unknown_from_static_bytecode,unknown,Groh,local,resolved_local,155,offensive cells exist and no static return/recovery frame is known,unknown_from_static_bytecode,offensive cells exist and no static return/recovery frame is known
064,Azwel,back_diagonal,unresolved,,,,,,,,,,,,,unknown_no_static_route,unknown,,unknown,unresolved_no_route,0,no direction-gated route found for this movement type,unknown_no_static_route,no direction-gated route found for this movement type
064,Azwel,backstep_candidate,unresolved,256,259,0338,0.0,0.0,0.0,0.0,,,,,,unknown_from_static_bytecode,unknown,Azwel,local,resolved_local,155,offensive cells exist and no static return/recovery frame is known,unknown_from_static_bytecode,offensive cells exist and no static return/recovery frame is known
064,Azwel,eight_way_or_ambiguous,trusted_basic,161,164,0014,0.22305605736311332,0.3803367110095776,0.5199856014210368,0.64294715122558,1.0400312989293465,,,,,unknown_from_static_bytecode,unknown,Azwel,local,resolved_local,182,direct movement predicate; same-bank route; root motion decoded; source is neutral-like; no active offensive cells on destination slot,unknown_from_static_bytecode,
064,Azwel,forward_diagonal,unresolved,2937,483,053B,0.09400000446476042,0.21200001006945968,0.2380000113043934,0.17500000831205398,,,,,,unknown_from_static_bytecode,unknown,Azwel,local,resolved_local,148,offensive cells exist and no static return/recovery frame is known,unknown_from_static_bytecode,offensive cells exist and no static return/recovery frame is known
064,Azwel,forward_step_candidate,unresolved,256,272,04A4,0.05900000280234963,0.20000000949949026,0.3570000169565901,0.5080000241287053,,,,,,unknown_from_static_bytecode,unknown,Azwel,local,resolved_local,155,offensive cells exist and no static return/recovery frame is known,unknown_from_static_bytecode,offensive cells exist and no static return/recovery frame is known
064,Azwel,sidestep_down_candidate,trusted_basic,256,258,0337,0.0,0.0,0.0,0.0,0.0,,,,,unknown_from_static_bytecode,unknown,Azwel,local,resolved_local,205,direct movement predicate; same-bank route; root motion decoded; source is neutral-like; no active offensive cells on destination slot,unknown_from_static_bytecode,
064,Azwel,sidestep_up_candidate,unresolved,370,280,0365,0.0,0.0,0.0,0.0,,,,,,unknown_from_static_bytecode,unknown,Azwel,local,resolved_local,155,offensive cells exist and no static return/recovery frame is known,unknown_from_static_bytecode,offensive cells exist and no static return/recovery frame is known
065,Geralt,back_diagonal,unresolved,,,,,,,,,,,,,unknown_no_static_route,unknown,,unknown,unresolved_no_route,0,no direction-gated route found for this movement type,unknown_no_static_route,no direction-gated route found for this movement type
065,Geralt,backstep_candidate,unresolved,303,308,0420,0.33400001586414874,0.61600002925843,0.8670000411802903,1.1290000536246225,,,,,,unknown_from_static_bytecode,unknown,Geralt,local,resolved_local,155,offensive cells exist and no static return/recovery frame is known,unknown_from_static_bytecode,offensive cells exist and no static return/recovery frame is known
065,Geralt,eight_way_or_ambiguous,trusted_basic,161,164,0378,0.22100227292890257,0.45700986842785557,0.7002578429277294,0.8148405138880197,0.8164717161825469,,,,,unknown_from_static_bytecode,unknown,Geralt,local,resolved_local,182,direct movement predicate; same-bank route; root motion decoded; source is neutral-like; no active offensive cells on destination slot,unknown_from_static_bytecode,
065,Geralt,forward_diagonal,trusted_basic,303,310,0422,0.11597414055590785,0.3712142414971412,0.6790029777526206,0.9781784555459498,2.2800003275924343,,,,,unknown_from_static_bytecode,unknown,Geralt,local,resolved_local,198,direct movement predicate; same-bank route; root motion decoded; source is neutral-like; no active offensive cells on destination slot,unknown_from_static_bytecode,
065,Geralt,forward_step_candidate,unresolved,293,294,033B,0.11000000522471964,0.37300001771654934,0.6730000319657847,0.9760000463575125,,,,,,unknown_from_static_bytecode,unknown,Geralt,local,resolved_local,155,offensive cells exist and no static return/recovery frame is known,unknown_from_static_bytecode,offensive cells exist and no static return/recovery frame is known
065,Geralt,sidestep_down_candidate,measured_but_not_basic,414,6,040A,0.0,0.0,0.0,0.0,,,,,,unknown_from_static_bytecode,unknown,Geralt,local,resolved_local,155,source is not proven neutral or stance-root basic movement,unknown_from_static_bytecode,source is not proven neutral or stance-root basic movement
065,Geralt,sidestep_up_candidate,unresolved,297,298,0452,0.05200000246986747,0.0740000035148114,0.04400000208988786,0.02200000104494393,,,,,,unknown_from_static_bytecode,unknown,Geralt,local,resolved_local,155,offensive cells exist and no static return/recovery frame is known,unknown_from_static_bytecode,offensive cells exist and no static return/recovery frame is known
066,Unknown (cid 066),back_diagonal,unresolved,,,,,,,,,,,,,unknown_no_static_route,unknown,,unknown,unresolved_no_route,0,no direction-gated route found for this movement type,unknown_no_static_route,no direction-gated route found for this movement type
066,Unknown (cid 066),backstep_candidate,unresolved,257,258,0185,0.06300000299233943,0.15100000717211515,0.26000001234933734,0.3570000169565901,,,,,,unknown_from_static_bytecode,unknown,Unknown (cid 066),local,resolved_local,155,offensive cells exist and no static return/recovery frame is known,unknown_from_static_bytecode,offensive cells exist and no static return/recovery frame is known
066,Unknown (cid 066),eight_way_or_ambiguous,trusted_basic,161,164,0585,0.16900000802706927,0.2960000140592456,0.42000001994892955,0.5330000253161415,0.7670000364305452,,,,,unknown_from_static_bytecode,unknown,Unknown (cid 066),local,resolved_local,182,direct movement predicate; same-bank route; root motion decoded; source is neutral-like; no active offensive cells on destination slot,unknown_from_static_bytecode,
066,Unknown (cid 066),forward_diagonal,unresolved,,,,,,,,,,,,,unknown_no_static_route,unknown,,unknown,unresolved_no_route,0,no direction-gated route found for this movement type,unknown_no_static_route,no direction-gated route found for this movement type
066,Unknown (cid 066),forward_step_candidate,unresolved,266,268,07FD,0.0020000000949949026,0.12400000588968396,0.30300001439172775,0.4850000230362639,,,,,,unknown_from_static_bytecode,unknown,Unknown (cid 066),local,resolved_local,155,offensive cells exist and no static return/recovery frame is known,unknown_from_static_bytecode,offensive cells exist and no static return/recovery frame is known
066,Unknown (cid 066),sidestep_down_candidate,trusted_basic,257,259,012D,0.0020000000949949026,0.00800000037997961,0.01500000071246177,0.02200000104494393,0.04000000189989805,,,,,unknown_from_static_bytecode,unknown,Unknown (cid 066),local,resolved_local,205,direct movement predicate; same-bank route; root motion decoded; source is neutral-like; no active offensive cells on destination slot,unknown_from_static_bytecode,
066,Unknown (cid 066),sidestep_up_candidate,unresolved,263,264,076C,0.20400000968948007,0.41800001985393465,0.4870000231312588,0.49200002336874604,,,,,,unknown_from_static_bytecode,unknown,Unknown (cid 066),local,resolved_local,155,offensive cells exist and no static return/recovery frame is known,unknown_from_static_bytecode,offensive cells exist and no static return/recovery frame is known
